-- ================================================================
-- SCRIPT MAESTRO DE POBLAMIENTO - SAES2 ESCOM (V3)
-- ================================================================
USE saes2;
SET FOREIGN_KEY_CHECKS = 0;
TRUNCATE TABLE historial_academico;
TRUNCATE TABLE calificacion;
TRUNCATE TABLE inscripcion;
TRUNCATE TABLE inscripcion_historial;
TRUNCATE TABLE horario_grupo;
TRUNCATE TABLE grupo;
TRUNCATE TABLE alumno;
TRUNCATE TABLE profesor;
TRUNCATE TABLE usuario_rol;
TRUNCATE TABLE usuario;
TRUNCATE TABLE plan_materia;
TRUNCATE TABLE materia;
TRUNCATE TABLE plan_estudios;
TRUNCATE TABLE carrera;
TRUNCATE TABLE departamento;
TRUNCATE TABLE aula;
TRUNCATE TABLE rol;
TRUNCATE TABLE periodo_academico;
TRUNCATE TABLE cita_reinscripcion;
TRUNCATE TABLE tipo_evaluacion;
TRUNCATE TABLE grupo_evaluacion;
TRUNCATE TABLE bitacora_auditoria;
SET FOREIGN_KEY_CHECKS = 1;

-- 1. CATÁLOGOS BASE
INSERT INTO departamento (id_departamento, nombre, clave) VALUES
(1, 'Ciencias Básicas', 'CB'),
(2, 'Ciencias de la Computación', 'CC'),
(3, 'Sistemas Electrónicos', 'SE');

INSERT INTO carrera (id_carrera, nombre, clave, id_departamento) VALUES
(1, 'Ingeniería en Sistemas Computacionales', 'ISC', 2),
(2, 'Ingeniería en Inteligencia Artificial', 'IIA', 2),
(3, 'Licenciatura en Ciencia de Datos', 'LCD', 2);

INSERT INTO plan_estudios (id_plan, id_carrera, nombre, anio_inicio, total_creditos, total_materias) VALUES
(1, 1, 'Plan 2020', 2020, 387, 50),
(2, 1, 'Plan 2009', 2009, 239, 45),
(3, 2, 'Plan 2020', 2020, 387, 50),
(4, 3, 'Plan 2020', 2020, 387, 50);

INSERT INTO materia (id_materia, clave, nombre, creditos, horas_teoria, horas_practica) VALUES
(1, 'M001', 'Fundamentos de Programación', 7.5, 3.0, 1.5),
(2, 'M002', 'Algoritmos y Estructuras de Datos', 7.5, 3.0, 1.5),
(3, 'M003', 'Análisis y Diseño de Algoritmos', 7.5, 3.0, 1.5),
(4, 'M004', 'Teoría de la Computación', 7.5, 3.0, 1.5),
(5, 'M005', 'Compiladores', 7.5, 3.0, 1.5),
(6, 'M006', 'Inteligencia Artificial', 7.5, 3.0, 1.5),
(7, 'M007', 'Paradigmas de Programación', 7.5, 3.0, 1.5),
(8, 'M008', 'Sistemas Operativos', 7.5, 3.0, 1.5),
(9, 'M009', 'Sistemas Distribuidos', 7.5, 3.0, 1.5),
(10, 'M010', 'Redes de Computadoras', 7.5, 3.0, 1.5),
(11, 'M011', 'Aplicaciones para Comunicaciones en Red', 7.5, 3.0, 1.5),
(12, 'M012', 'Administración de Servicios en Red', 7.5, 3.0, 1.5),
(13, 'M013', 'Análisis y Diseño de Sistemas', 7.5, 3.0, 1.5),
(14, 'M014', 'Ingeniería de Software', 7.5, 3.0, 1.5),
(15, 'M015', 'Desarrollo de Aplicaciones Móviles Nativas', 7.5, 3.0, 1.5),
(16, 'M016', 'Tecnologías para el Desarrollo de Aplicaciones Web', 7.5, 3.0, 1.5),
(17, 'M017', 'Fundamentos de Diseño Digital', 7.5, 3.0, 1.5),
(18, 'M018', 'Instrumentación y Control', 7.5, 3.0, 1.5),
(19, 'M019', 'Arquitectura de Computadoras', 7.5, 3.0, 1.5),
(20, 'M020', 'Procesamiento Digital de Señales', 7.5, 3.0, 1.5),
(21, 'M021', 'Desarrollo de Aplicaciones Web (LCD)', 7.5, 3.0, 1.5),
(22, 'M022', 'Analítica y Visualización de Datos', 7.5, 3.0, 1.5),
(23, 'M023', 'Big Data', 7.5, 3.0, 1.5),
(24, 'M024', 'Desarrollo de Aplicaciones para Análisis de Datos', 7.5, 3.0, 1.5),
(25, 'M025', 'Analítica Avanzada de Datos', 7.5, 3.0, 1.5),
(26, 'M026', 'Bases de Datos (LCD)', 7.5, 3.0, 1.5),
(27, 'M027', 'Optativa A', 7.5, 3.0, 1.5),
(28, 'M028', 'Optativa B', 7.5, 3.0, 1.5),
(29, 'M029', 'Optativa C', 7.5, 3.0, 1.5),
(30, 'M030', 'Optativa D', 7.5, 3.0, 1.5),
(31, 'M031', 'Optativa A1', 7.5, 3.0, 1.5),
(32, 'M032', 'Optativa B1', 7.5, 3.0, 1.5),
(33, 'M033', 'Optativa B2', 7.5, 3.0, 1.5),
(34, 'M034', 'Gestión Empresarial', 7.5, 3.0, 1.5),
(35, 'M035', 'Fundamentos Económicos', 7.5, 3.0, 1.5),
(36, 'M036', 'Formulación y Evaluación de Proyectos Informáticos', 6.0, 3.0, 1.5),
(37, 'M037', 'Finanzas Empresariales', 7.5, 3.0, 1.5),
(38, 'M038', 'Reconocimiento de Voz', 7.5, 3.0, 1.5),
(39, 'M039', 'Algoritmos Bioinspirados', 7.5, 3.0, 1.5),
(40, 'M040', 'Visión Artificial', 7.5, 3.0, 1.5),
(41, 'M041', 'Paradigmas de Programación (IA)', 7.5, 3.0, 1.5),
(42, 'M042', 'Inteligencia Artificial (IA)', 7.5, 3.0, 1.5),
(43, 'M043', 'Redes Neuronales y Aprendizaje Profundo', 7.5, 3.0, 1.5),
(44, 'M044', 'Fundamentos de Inteligencia Artificial', 7.5, 3.0, 1.5),
(45, 'M045', 'Tecnologías de Lenguaje Natural', 7.5, 3.0, 1.5),
(46, 'M046', 'Aprendizaje de Máquina', 7.5, 3.0, 1.5),
(47, 'M047', 'Fundamentos de IA (LCD)', 7.5, 3.0, 1.5),
(48, 'M048', 'Trabajo Terminal I', 12.0, 3.0, 1.5),
(49, 'M049', 'Trabajo Terminal II', 12.0, 3.0, 1.5),
(50, 'M050', 'Desarrollo de Habilidades Sociales para Alta Dirección', 3.0, 3.0, 1.5),
(51, 'M051', 'Desarrollo de Habilidades Sociales', 3.0, 3.0, 1.5),
(52, 'M052', 'Estancia Profesional', 3.0, 3.0, 1.5),
(53, 'M053', 'Álgebra Lineal', 9.0, 3.0, 1.5),
(54, 'M054', 'Matemáticas Discretas', 10.5, 3.0, 1.5),
(55, 'M055', 'Cálculo', 7.5, 3.0, 1.5),
(56, 'M056', 'Análisis Vectorial', 7.5, 3.0, 1.5),
(57, 'M057', 'Cálculo Aplicado', 7.5, 3.0, 1.5),
(58, 'M058', 'Mecánica y Electromagnetismo', 10.5, 3.0, 1.5),
(59, 'M059', 'Ecuaciones Diferenciales', 9.0, 3.0, 1.5),
(60, 'M060', 'Matemáticas Avanzadas para la Ingeniería', 9.0, 3.0, 1.5),
(61, 'M061', 'Probabilidad y Estadística', 9.0, 3.0, 1.5),
(62, 'M062', 'Comunicación Oral y Escrita', 7.5, 3.0, 1.5),
(63, 'M063', 'Ingeniería, Ética y Sociedad', 9.0, 3.0, 1.5),
(64, 'M064', 'Cálculo Multivariable', 7.5, 3.0, 1.5),
(65, 'M065', 'Procesos Estocásticos', 9.0, 3.0, 1.5),
(66, 'M066', 'Estadística (LCD)', 9.0, 3.0, 1.5),
(67, 'M067', 'Modelos Econométricos (LCD)', 9.0, 3.0, 1.5),
(68, 'M068', 'Cómputo de Alto Desempeño', 7.5, 3.0, 1.5),
(69, 'M069', 'Minería de Datos', 7.5, 3.0, 1.5),
(70, 'M070', 'Modelado Predictivo', 7.5, 3.0, 1.5),
(71, 'M071', 'Cálculo (LCD)', 7.5, 3.0, 1.5),
(72, 'M072', 'Métodos Numéricos', 7.5, 3.0, 1.5),
(73, 'M073', 'Introducción a la Ciencia de Datos', 7.5, 3.0, 1.5),
(74, 'M074', 'Metodología de la Investigación y Divulgación Científica', 7.5, 3.0, 1.5),
(75, 'M075', 'Análisis de Series de Tiempo', 7.5, 3.0, 1.5),
(76, 'M076', 'Liderazgo Personal', 7.5, 3.0, 1.5),
(77, 'M077', 'Sistemas en Chip', 7.5, 3.0, 1.5),
(78, 'M078', 'Procesamiento de Señales', 7.5, 3.0, 1.5),
(79, 'M079', 'Ingeniería de Software para Sistemas Inteligentes', 7.5, 3.0, 1.5),
(80, 'M080', 'Bases de Datos', 7.5, 3.0, 1.5),
(81, 'M081', 'Cómputo Paralelo', 7.5, 3.0, 1.5),
(82, 'M082', 'Diseño de Sistemas Digitales', 7.5, 3.0, 1.5),
(83, 'M083', 'Programación para Ciencia de Datos', 7.5, 3.0, 1.5),
(84, 'M084', 'Estadística', 9.0, 3.0, 1.5),
(85, 'M085', 'Procesamiento de Lenguaje Natural', 7.5, 3.0, 1.5),
(86, 'M086', 'Ética y Legalidad', 9.0, 3.0, 1.5),
(87, 'M087', 'Desarrollo de Aplicaciones Web', 7.5, 3.0, 1.5);

INSERT INTO plan_materia (id_plan, id_materia, semestre, tipo) VALUES
(1, 1, 1, 'obligatoria'),
(1, 54, 1, 'obligatoria'),
(1, 55, 1, 'obligatoria'),
(1, 62, 1, 'obligatoria'),
(1, 63, 1, 'obligatoria'),
(1, 76, 1, 'obligatoria'),
(1, 2, 2, 'obligatoria'),
(1, 3, 2, 'obligatoria'),
(1, 53, 2, 'obligatoria'),
(1, 57, 2, 'obligatoria'),
(1, 61, 2, 'obligatoria'),
(1, 4, 3, 'obligatoria'),
(1, 56, 3, 'obligatoria'),
(1, 59, 3, 'obligatoria'),
(1, 5, 4, 'obligatoria'),
(1, 60, 4, 'obligatoria'),
(1, 6, 5, 'obligatoria'),
(1, 18, 5, 'obligatoria'),
(1, 20, 5, 'obligatoria'),
(1, 7, 6, 'obligatoria'),
(1, 19, 6, 'obligatoria'),
(1, 77, 6, 'obligatoria'),
(1, 31, 6, 'obligatoria'),
(1, 8, 7, 'obligatoria'),
(1, 10, 7, 'obligatoria'),
(1, 12, 7, 'obligatoria'),
(1, 15, 7, 'obligatoria'),
(1, 13, 8, 'obligatoria'),
(1, 14, 8, 'obligatoria'),
(1, 87, 8, 'obligatoria'),
(1, 32, 8, 'obligatoria'),
(1, 33, 8, 'obligatoria'),
(1, 34, 8, 'obligatoria'),
(1, 35, 8, 'obligatoria'),
(1, 36, 8, 'obligatoria'),
(1, 37, 8, 'obligatoria'),
(1, 48, 8, 'obligatoria'),
(1, 49, 8, 'obligatoria'),
(1, 50, 8, 'obligatoria');

INSERT INTO rol (id_rol, nombre) VALUES (1, 'admin'), (2, 'profesor'), (3, 'alumno');
INSERT INTO periodo_academico (id_periodo, nombre, fecha_inicio, fecha_fin, activo) VALUES
(1, '2022-2', '2022-08-15', '2022-12-15', 0), (2, '2023-1', '2023-01-15', '2023-06-15', 0), (3, '2023-2', '2023-08-15', '2023-12-15', 0), (4, '2024-1', '2024-01-15', '2024-06-15', 0), (5, '2024-2', '2024-08-15', '2024-12-15', 0), (6, '2025-1', '2025-01-15', '2025-06-15', 0), (7, '2025-2', '2025-08-15', '2025-12-15', 0), (8, '2026-1', '2026-01-15', '2026-06-15', 1);

INSERT INTO usuario (id_usuario, identificador, nombre, apellido_paterno, apellido_materno, correo_contacto, password_hash) VALUES
(1, 'EMP001', 'Profesor_1', 'Apellido1', 'Apellido2', 'profesor1@escom.ipn.mx', '$2a$12$aaszQrdA4N0tJWEtFw4Nle1BzYQ270QC7kGMH3krO0smUN6l3k.wC'),
(2, 'EMP002', 'Profesor_2', 'Apellido1', 'Apellido2', 'profesor2@escom.ipn.mx', '$2a$12$aaszQrdA4N0tJWEtFw4Nle1BzYQ270QC7kGMH3krO0smUN6l3k.wC'),
(3, 'EMP003', 'Profesor_3', 'Apellido1', 'Apellido2', 'profesor3@escom.ipn.mx', '$2a$12$aaszQrdA4N0tJWEtFw4Nle1BzYQ270QC7kGMH3krO0smUN6l3k.wC'),
(4, 'EMP004', 'Profesor_4', 'Apellido1', 'Apellido2', 'profesor4@escom.ipn.mx', '$2a$12$aaszQrdA4N0tJWEtFw4Nle1BzYQ270QC7kGMH3krO0smUN6l3k.wC'),
(5, 'EMP005', 'Profesor_5', 'Apellido1', 'Apellido2', 'profesor5@escom.ipn.mx', '$2a$12$aaszQrdA4N0tJWEtFw4Nle1BzYQ270QC7kGMH3krO0smUN6l3k.wC'),
(6, 'EMP006', 'Profesor_6', 'Apellido1', 'Apellido2', 'profesor6@escom.ipn.mx', '$2a$12$aaszQrdA4N0tJWEtFw4Nle1BzYQ270QC7kGMH3krO0smUN6l3k.wC'),
(7, 'EMP007', 'Profesor_7', 'Apellido1', 'Apellido2', 'profesor7@escom.ipn.mx', '$2a$12$aaszQrdA4N0tJWEtFw4Nle1BzYQ270QC7kGMH3krO0smUN6l3k.wC'),
(8, 'EMP008', 'Profesor_8', 'Apellido1', 'Apellido2', 'profesor8@escom.ipn.mx', '$2a$12$aaszQrdA4N0tJWEtFw4Nle1BzYQ270QC7kGMH3krO0smUN6l3k.wC'),
(9, 'EMP009', 'Profesor_9', 'Apellido1', 'Apellido2', 'profesor9@escom.ipn.mx', '$2a$12$aaszQrdA4N0tJWEtFw4Nle1BzYQ270QC7kGMH3krO0smUN6l3k.wC'),
(10, 'EMP010', 'Profesor_10', 'Apellido1', 'Apellido2', 'profesor10@escom.ipn.mx', '$2a$12$aaszQrdA4N0tJWEtFw4Nle1BzYQ270QC7kGMH3krO0smUN6l3k.wC'),
(11, 'EMP011', 'Profesor_11', 'Apellido1', 'Apellido2', 'profesor11@escom.ipn.mx', '$2a$12$aaszQrdA4N0tJWEtFw4Nle1BzYQ270QC7kGMH3krO0smUN6l3k.wC'),
(12, 'EMP012', 'Profesor_12', 'Apellido1', 'Apellido2', 'profesor12@escom.ipn.mx', '$2a$12$aaszQrdA4N0tJWEtFw4Nle1BzYQ270QC7kGMH3krO0smUN6l3k.wC'),
(13, 'EMP013', 'Profesor_13', 'Apellido1', 'Apellido2', 'profesor13@escom.ipn.mx', '$2a$12$aaszQrdA4N0tJWEtFw4Nle1BzYQ270QC7kGMH3krO0smUN6l3k.wC'),
(14, 'EMP014', 'Profesor_14', 'Apellido1', 'Apellido2', 'profesor14@escom.ipn.mx', '$2a$12$aaszQrdA4N0tJWEtFw4Nle1BzYQ270QC7kGMH3krO0smUN6l3k.wC'),
(15, 'EMP015', 'Profesor_15', 'Apellido1', 'Apellido2', 'profesor15@escom.ipn.mx', '$2a$12$aaszQrdA4N0tJWEtFw4Nle1BzYQ270QC7kGMH3krO0smUN6l3k.wC'),
(16, 'EMP016', 'Profesor_16', 'Apellido1', 'Apellido2', 'profesor16@escom.ipn.mx', '$2a$12$aaszQrdA4N0tJWEtFw4Nle1BzYQ270QC7kGMH3krO0smUN6l3k.wC'),
(17, 'EMP017', 'Profesor_17', 'Apellido1', 'Apellido2', 'profesor17@escom.ipn.mx', '$2a$12$aaszQrdA4N0tJWEtFw4Nle1BzYQ270QC7kGMH3krO0smUN6l3k.wC'),
(18, 'EMP018', 'Profesor_18', 'Apellido1', 'Apellido2', 'profesor18@escom.ipn.mx', '$2a$12$aaszQrdA4N0tJWEtFw4Nle1BzYQ270QC7kGMH3krO0smUN6l3k.wC'),
(19, 'EMP019', 'Profesor_19', 'Apellido1', 'Apellido2', 'profesor19@escom.ipn.mx', '$2a$12$aaszQrdA4N0tJWEtFw4Nle1BzYQ270QC7kGMH3krO0smUN6l3k.wC'),
(20, 'EMP020', 'Profesor_20', 'Apellido1', 'Apellido2', 'profesor20@escom.ipn.mx', '$2a$12$aaszQrdA4N0tJWEtFw4Nle1BzYQ270QC7kGMH3krO0smUN6l3k.wC'),
(21, 'EMP021', 'Profesor_21', 'Apellido1', 'Apellido2', 'profesor21@escom.ipn.mx', '$2a$12$aaszQrdA4N0tJWEtFw4Nle1BzYQ270QC7kGMH3krO0smUN6l3k.wC'),
(22, 'EMP022', 'Profesor_22', 'Apellido1', 'Apellido2', 'profesor22@escom.ipn.mx', '$2a$12$aaszQrdA4N0tJWEtFw4Nle1BzYQ270QC7kGMH3krO0smUN6l3k.wC'),
(23, 'EMP023', 'Profesor_23', 'Apellido1', 'Apellido2', 'profesor23@escom.ipn.mx', '$2a$12$aaszQrdA4N0tJWEtFw4Nle1BzYQ270QC7kGMH3krO0smUN6l3k.wC'),
(24, 'EMP024', 'Profesor_24', 'Apellido1', 'Apellido2', 'profesor24@escom.ipn.mx', '$2a$12$aaszQrdA4N0tJWEtFw4Nle1BzYQ270QC7kGMH3krO0smUN6l3k.wC'),
(25, 'EMP025', 'Profesor_25', 'Apellido1', 'Apellido2', 'profesor25@escom.ipn.mx', '$2a$12$aaszQrdA4N0tJWEtFw4Nle1BzYQ270QC7kGMH3krO0smUN6l3k.wC'),
(26, 'EMP026', 'Profesor_26', 'Apellido1', 'Apellido2', 'profesor26@escom.ipn.mx', '$2a$12$aaszQrdA4N0tJWEtFw4Nle1BzYQ270QC7kGMH3krO0smUN6l3k.wC'),
(27, 'EMP027', 'Profesor_27', 'Apellido1', 'Apellido2', 'profesor27@escom.ipn.mx', '$2a$12$aaszQrdA4N0tJWEtFw4Nle1BzYQ270QC7kGMH3krO0smUN6l3k.wC'),
(28, 'EMP028', 'Profesor_28', 'Apellido1', 'Apellido2', 'profesor28@escom.ipn.mx', '$2a$12$aaszQrdA4N0tJWEtFw4Nle1BzYQ270QC7kGMH3krO0smUN6l3k.wC'),
(29, 'EMP029', 'Profesor_29', 'Apellido1', 'Apellido2', 'profesor29@escom.ipn.mx', '$2a$12$aaszQrdA4N0tJWEtFw4Nle1BzYQ270QC7kGMH3krO0smUN6l3k.wC'),
(30, 'EMP030', 'Profesor_30', 'Apellido1', 'Apellido2', 'profesor30@escom.ipn.mx', '$2a$12$aaszQrdA4N0tJWEtFw4Nle1BzYQ270QC7kGMH3krO0smUN6l3k.wC'),
(31, 'EMP031', 'Profesor_31', 'Apellido1', 'Apellido2', 'profesor31@escom.ipn.mx', '$2a$12$aaszQrdA4N0tJWEtFw4Nle1BzYQ270QC7kGMH3krO0smUN6l3k.wC'),
(32, 'EMP032', 'Profesor_32', 'Apellido1', 'Apellido2', 'profesor32@escom.ipn.mx', '$2a$12$aaszQrdA4N0tJWEtFw4Nle1BzYQ270QC7kGMH3krO0smUN6l3k.wC'),
(33, 'EMP033', 'Profesor_33', 'Apellido1', 'Apellido2', 'profesor33@escom.ipn.mx', '$2a$12$aaszQrdA4N0tJWEtFw4Nle1BzYQ270QC7kGMH3krO0smUN6l3k.wC'),
(34, 'EMP034', 'Profesor_34', 'Apellido1', 'Apellido2', 'profesor34@escom.ipn.mx', '$2a$12$aaszQrdA4N0tJWEtFw4Nle1BzYQ270QC7kGMH3krO0smUN6l3k.wC'),
(35, 'EMP035', 'Profesor_35', 'Apellido1', 'Apellido2', 'profesor35@escom.ipn.mx', '$2a$12$aaszQrdA4N0tJWEtFw4Nle1BzYQ270QC7kGMH3krO0smUN6l3k.wC'),
(36, 'EMP036', 'Profesor_36', 'Apellido1', 'Apellido2', 'profesor36@escom.ipn.mx', '$2a$12$aaszQrdA4N0tJWEtFw4Nle1BzYQ270QC7kGMH3krO0smUN6l3k.wC'),
(37, 'EMP037', 'Profesor_37', 'Apellido1', 'Apellido2', 'profesor37@escom.ipn.mx', '$2a$12$aaszQrdA4N0tJWEtFw4Nle1BzYQ270QC7kGMH3krO0smUN6l3k.wC'),
(38, 'EMP038', 'Profesor_38', 'Apellido1', 'Apellido2', 'profesor38@escom.ipn.mx', '$2a$12$aaszQrdA4N0tJWEtFw4Nle1BzYQ270QC7kGMH3krO0smUN6l3k.wC'),
(39, 'EMP039', 'Profesor_39', 'Apellido1', 'Apellido2', 'profesor39@escom.ipn.mx', '$2a$12$aaszQrdA4N0tJWEtFw4Nle1BzYQ270QC7kGMH3krO0smUN6l3k.wC'),
(40, 'EMP040', 'Profesor_40', 'Apellido1', 'Apellido2', 'profesor40@escom.ipn.mx', '$2a$12$aaszQrdA4N0tJWEtFw4Nle1BzYQ270QC7kGMH3krO0smUN6l3k.wC'),
(41, 'EMP041', 'Profesor_41', 'Apellido1', 'Apellido2', 'profesor41@escom.ipn.mx', '$2a$12$aaszQrdA4N0tJWEtFw4Nle1BzYQ270QC7kGMH3krO0smUN6l3k.wC'),
(42, 'EMP042', 'Profesor_42', 'Apellido1', 'Apellido2', 'profesor42@escom.ipn.mx', '$2a$12$aaszQrdA4N0tJWEtFw4Nle1BzYQ270QC7kGMH3krO0smUN6l3k.wC'),
(43, 'EMP043', 'Profesor_43', 'Apellido1', 'Apellido2', 'profesor43@escom.ipn.mx', '$2a$12$aaszQrdA4N0tJWEtFw4Nle1BzYQ270QC7kGMH3krO0smUN6l3k.wC'),
(44, 'EMP044', 'Profesor_44', 'Apellido1', 'Apellido2', 'profesor44@escom.ipn.mx', '$2a$12$aaszQrdA4N0tJWEtFw4Nle1BzYQ270QC7kGMH3krO0smUN6l3k.wC'),
(45, 'EMP045', 'Profesor_45', 'Apellido1', 'Apellido2', 'profesor45@escom.ipn.mx', '$2a$12$aaszQrdA4N0tJWEtFw4Nle1BzYQ270QC7kGMH3krO0smUN6l3k.wC'),
(46, 'EMP046', 'Profesor_46', 'Apellido1', 'Apellido2', 'profesor46@escom.ipn.mx', '$2a$12$aaszQrdA4N0tJWEtFw4Nle1BzYQ270QC7kGMH3krO0smUN6l3k.wC'),
(47, 'EMP047', 'Profesor_47', 'Apellido1', 'Apellido2', 'profesor47@escom.ipn.mx', '$2a$12$aaszQrdA4N0tJWEtFw4Nle1BzYQ270QC7kGMH3krO0smUN6l3k.wC'),
(48, 'EMP048', 'Profesor_48', 'Apellido1', 'Apellido2', 'profesor48@escom.ipn.mx', '$2a$12$aaszQrdA4N0tJWEtFw4Nle1BzYQ270QC7kGMH3krO0smUN6l3k.wC'),
(49, 'EMP049', 'Profesor_49', 'Apellido1', 'Apellido2', 'profesor49@escom.ipn.mx', '$2a$12$aaszQrdA4N0tJWEtFw4Nle1BzYQ270QC7kGMH3krO0smUN6l3k.wC'),
(50, 'EMP050', 'Profesor_50', 'Apellido1', 'Apellido2', 'profesor50@escom.ipn.mx', '$2a$12$aaszQrdA4N0tJWEtFw4Nle1BzYQ270QC7kGMH3krO0smUN6l3k.wC'),
(51, 'EMP051', 'Profesor_51', 'Apellido1', 'Apellido2', 'profesor51@escom.ipn.mx', '$2a$12$aaszQrdA4N0tJWEtFw4Nle1BzYQ270QC7kGMH3krO0smUN6l3k.wC'),
(52, 'EMP052', 'Profesor_52', 'Apellido1', 'Apellido2', 'profesor52@escom.ipn.mx', '$2a$12$aaszQrdA4N0tJWEtFw4Nle1BzYQ270QC7kGMH3krO0smUN6l3k.wC'),
(53, 'EMP053', 'Profesor_53', 'Apellido1', 'Apellido2', 'profesor53@escom.ipn.mx', '$2a$12$aaszQrdA4N0tJWEtFw4Nle1BzYQ270QC7kGMH3krO0smUN6l3k.wC'),
(54, 'EMP054', 'Profesor_54', 'Apellido1', 'Apellido2', 'profesor54@escom.ipn.mx', '$2a$12$aaszQrdA4N0tJWEtFw4Nle1BzYQ270QC7kGMH3krO0smUN6l3k.wC'),
(55, 'EMP055', 'Profesor_55', 'Apellido1', 'Apellido2', 'profesor55@escom.ipn.mx', '$2a$12$aaszQrdA4N0tJWEtFw4Nle1BzYQ270QC7kGMH3krO0smUN6l3k.wC'),
(56, 'EMP056', 'Profesor_56', 'Apellido1', 'Apellido2', 'profesor56@escom.ipn.mx', '$2a$12$aaszQrdA4N0tJWEtFw4Nle1BzYQ270QC7kGMH3krO0smUN6l3k.wC'),
(57, 'EMP057', 'Profesor_57', 'Apellido1', 'Apellido2', 'profesor57@escom.ipn.mx', '$2a$12$aaszQrdA4N0tJWEtFw4Nle1BzYQ270QC7kGMH3krO0smUN6l3k.wC'),
(58, 'EMP058', 'Profesor_58', 'Apellido1', 'Apellido2', 'profesor58@escom.ipn.mx', '$2a$12$aaszQrdA4N0tJWEtFw4Nle1BzYQ270QC7kGMH3krO0smUN6l3k.wC'),
(59, 'EMP059', 'Profesor_59', 'Apellido1', 'Apellido2', 'profesor59@escom.ipn.mx', '$2a$12$aaszQrdA4N0tJWEtFw4Nle1BzYQ270QC7kGMH3krO0smUN6l3k.wC'),
(60, 'EMP060', 'Profesor_60', 'Apellido1', 'Apellido2', 'profesor60@escom.ipn.mx', '$2a$12$aaszQrdA4N0tJWEtFw4Nle1BzYQ270QC7kGMH3krO0smUN6l3k.wC'),
(61, 'EMP061', 'Profesor_61', 'Apellido1', 'Apellido2', 'profesor61@escom.ipn.mx', '$2a$12$aaszQrdA4N0tJWEtFw4Nle1BzYQ270QC7kGMH3krO0smUN6l3k.wC'),
(62, 'EMP062', 'Profesor_62', 'Apellido1', 'Apellido2', 'profesor62@escom.ipn.mx', '$2a$12$aaszQrdA4N0tJWEtFw4Nle1BzYQ270QC7kGMH3krO0smUN6l3k.wC'),
(63, 'EMP063', 'Profesor_63', 'Apellido1', 'Apellido2', 'profesor63@escom.ipn.mx', '$2a$12$aaszQrdA4N0tJWEtFw4Nle1BzYQ270QC7kGMH3krO0smUN6l3k.wC'),
(64, 'EMP064', 'Profesor_64', 'Apellido1', 'Apellido2', 'profesor64@escom.ipn.mx', '$2a$12$aaszQrdA4N0tJWEtFw4Nle1BzYQ270QC7kGMH3krO0smUN6l3k.wC'),
(65, 'EMP065', 'Profesor_65', 'Apellido1', 'Apellido2', 'profesor65@escom.ipn.mx', '$2a$12$aaszQrdA4N0tJWEtFw4Nle1BzYQ270QC7kGMH3krO0smUN6l3k.wC'),
(66, 'EMP066', 'Profesor_66', 'Apellido1', 'Apellido2', 'profesor66@escom.ipn.mx', '$2a$12$aaszQrdA4N0tJWEtFw4Nle1BzYQ270QC7kGMH3krO0smUN6l3k.wC'),
(67, 'EMP067', 'Profesor_67', 'Apellido1', 'Apellido2', 'profesor67@escom.ipn.mx', '$2a$12$aaszQrdA4N0tJWEtFw4Nle1BzYQ270QC7kGMH3krO0smUN6l3k.wC'),
(68, 'EMP068', 'Profesor_68', 'Apellido1', 'Apellido2', 'profesor68@escom.ipn.mx', '$2a$12$aaszQrdA4N0tJWEtFw4Nle1BzYQ270QC7kGMH3krO0smUN6l3k.wC'),
(69, 'EMP069', 'Profesor_69', 'Apellido1', 'Apellido2', 'profesor69@escom.ipn.mx', '$2a$12$aaszQrdA4N0tJWEtFw4Nle1BzYQ270QC7kGMH3krO0smUN6l3k.wC'),
(70, 'EMP070', 'Profesor_70', 'Apellido1', 'Apellido2', 'profesor70@escom.ipn.mx', '$2a$12$aaszQrdA4N0tJWEtFw4Nle1BzYQ270QC7kGMH3krO0smUN6l3k.wC'),
(71, 'EMP071', 'Profesor_71', 'Apellido1', 'Apellido2', 'profesor71@escom.ipn.mx', '$2a$12$aaszQrdA4N0tJWEtFw4Nle1BzYQ270QC7kGMH3krO0smUN6l3k.wC'),
(72, 'EMP072', 'Profesor_72', 'Apellido1', 'Apellido2', 'profesor72@escom.ipn.mx', '$2a$12$aaszQrdA4N0tJWEtFw4Nle1BzYQ270QC7kGMH3krO0smUN6l3k.wC'),
(73, 'EMP073', 'Profesor_73', 'Apellido1', 'Apellido2', 'profesor73@escom.ipn.mx', '$2a$12$aaszQrdA4N0tJWEtFw4Nle1BzYQ270QC7kGMH3krO0smUN6l3k.wC'),
(74, 'EMP074', 'Profesor_74', 'Apellido1', 'Apellido2', 'profesor74@escom.ipn.mx', '$2a$12$aaszQrdA4N0tJWEtFw4Nle1BzYQ270QC7kGMH3krO0smUN6l3k.wC'),
(75, 'EMP075', 'Profesor_75', 'Apellido1', 'Apellido2', 'profesor75@escom.ipn.mx', '$2a$12$aaszQrdA4N0tJWEtFw4Nle1BzYQ270QC7kGMH3krO0smUN6l3k.wC'),
(76, 'EMP076', 'Profesor_76', 'Apellido1', 'Apellido2', 'profesor76@escom.ipn.mx', '$2a$12$aaszQrdA4N0tJWEtFw4Nle1BzYQ270QC7kGMH3krO0smUN6l3k.wC'),
(77, 'EMP077', 'Profesor_77', 'Apellido1', 'Apellido2', 'profesor77@escom.ipn.mx', '$2a$12$aaszQrdA4N0tJWEtFw4Nle1BzYQ270QC7kGMH3krO0smUN6l3k.wC'),
(78, 'EMP078', 'Profesor_78', 'Apellido1', 'Apellido2', 'profesor78@escom.ipn.mx', '$2a$12$aaszQrdA4N0tJWEtFw4Nle1BzYQ270QC7kGMH3krO0smUN6l3k.wC'),
(79, 'EMP079', 'Profesor_79', 'Apellido1', 'Apellido2', 'profesor79@escom.ipn.mx', '$2a$12$aaszQrdA4N0tJWEtFw4Nle1BzYQ270QC7kGMH3krO0smUN6l3k.wC'),
(80, 'EMP080', 'Profesor_80', 'Apellido1', 'Apellido2', 'profesor80@escom.ipn.mx', '$2a$12$aaszQrdA4N0tJWEtFw4Nle1BzYQ270QC7kGMH3krO0smUN6l3k.wC'),
(81, 'EMP081', 'Profesor_81', 'Apellido1', 'Apellido2', 'profesor81@escom.ipn.mx', '$2a$12$aaszQrdA4N0tJWEtFw4Nle1BzYQ270QC7kGMH3krO0smUN6l3k.wC'),
(82, 'EMP082', 'Profesor_82', 'Apellido1', 'Apellido2', 'profesor82@escom.ipn.mx', '$2a$12$aaszQrdA4N0tJWEtFw4Nle1BzYQ270QC7kGMH3krO0smUN6l3k.wC'),
(83, 'EMP083', 'Profesor_83', 'Apellido1', 'Apellido2', 'profesor83@escom.ipn.mx', '$2a$12$aaszQrdA4N0tJWEtFw4Nle1BzYQ270QC7kGMH3krO0smUN6l3k.wC'),
(84, 'EMP084', 'Profesor_84', 'Apellido1', 'Apellido2', 'profesor84@escom.ipn.mx', '$2a$12$aaszQrdA4N0tJWEtFw4Nle1BzYQ270QC7kGMH3krO0smUN6l3k.wC'),
(85, 'EMP085', 'Profesor_85', 'Apellido1', 'Apellido2', 'profesor85@escom.ipn.mx', '$2a$12$aaszQrdA4N0tJWEtFw4Nle1BzYQ270QC7kGMH3krO0smUN6l3k.wC'),
(86, 'EMP086', 'Profesor_86', 'Apellido1', 'Apellido2', 'profesor86@escom.ipn.mx', '$2a$12$aaszQrdA4N0tJWEtFw4Nle1BzYQ270QC7kGMH3krO0smUN6l3k.wC'),
(87, 'EMP087', 'Profesor_87', 'Apellido1', 'Apellido2', 'profesor87@escom.ipn.mx', '$2a$12$aaszQrdA4N0tJWEtFw4Nle1BzYQ270QC7kGMH3krO0smUN6l3k.wC'),
(88, 'EMP088', 'Profesor_88', 'Apellido1', 'Apellido2', 'profesor88@escom.ipn.mx', '$2a$12$aaszQrdA4N0tJWEtFw4Nle1BzYQ270QC7kGMH3krO0smUN6l3k.wC'),
(89, 'EMP089', 'Profesor_89', 'Apellido1', 'Apellido2', 'profesor89@escom.ipn.mx', '$2a$12$aaszQrdA4N0tJWEtFw4Nle1BzYQ270QC7kGMH3krO0smUN6l3k.wC'),
(90, 'EMP090', 'Profesor_90', 'Apellido1', 'Apellido2', 'profesor90@escom.ipn.mx', '$2a$12$aaszQrdA4N0tJWEtFw4Nle1BzYQ270QC7kGMH3krO0smUN6l3k.wC'),
(91, 'EMP091', 'Profesor_91', 'Apellido1', 'Apellido2', 'profesor91@escom.ipn.mx', '$2a$12$aaszQrdA4N0tJWEtFw4Nle1BzYQ270QC7kGMH3krO0smUN6l3k.wC'),
(92, 'EMP092', 'Profesor_92', 'Apellido1', 'Apellido2', 'profesor92@escom.ipn.mx', '$2a$12$aaszQrdA4N0tJWEtFw4Nle1BzYQ270QC7kGMH3krO0smUN6l3k.wC'),
(93, 'EMP093', 'Profesor_93', 'Apellido1', 'Apellido2', 'profesor93@escom.ipn.mx', '$2a$12$aaszQrdA4N0tJWEtFw4Nle1BzYQ270QC7kGMH3krO0smUN6l3k.wC'),
(94, 'EMP094', 'Profesor_94', 'Apellido1', 'Apellido2', 'profesor94@escom.ipn.mx', '$2a$12$aaszQrdA4N0tJWEtFw4Nle1BzYQ270QC7kGMH3krO0smUN6l3k.wC'),
(95, 'EMP095', 'Profesor_95', 'Apellido1', 'Apellido2', 'profesor95@escom.ipn.mx', '$2a$12$aaszQrdA4N0tJWEtFw4Nle1BzYQ270QC7kGMH3krO0smUN6l3k.wC'),
(96, 'EMP096', 'Profesor_96', 'Apellido1', 'Apellido2', 'profesor96@escom.ipn.mx', '$2a$12$aaszQrdA4N0tJWEtFw4Nle1BzYQ270QC7kGMH3krO0smUN6l3k.wC'),
(97, 'EMP097', 'Profesor_97', 'Apellido1', 'Apellido2', 'profesor97@escom.ipn.mx', '$2a$12$aaszQrdA4N0tJWEtFw4Nle1BzYQ270QC7kGMH3krO0smUN6l3k.wC'),
(98, 'EMP098', 'Profesor_98', 'Apellido1', 'Apellido2', 'profesor98@escom.ipn.mx', '$2a$12$aaszQrdA4N0tJWEtFw4Nle1BzYQ270QC7kGMH3krO0smUN6l3k.wC'),
(99, 'EMP099', 'Profesor_99', 'Apellido1', 'Apellido2', 'profesor99@escom.ipn.mx', '$2a$12$aaszQrdA4N0tJWEtFw4Nle1BzYQ270QC7kGMH3krO0smUN6l3k.wC'),
(100, 'EMP100', 'Profesor_100', 'Apellido1', 'Apellido2', 'profesor100@escom.ipn.mx', '$2a$12$aaszQrdA4N0tJWEtFw4Nle1BzYQ270QC7kGMH3krO0smUN6l3k.wC'),
(101, 'EMP101', 'Profesor_101', 'Apellido1', 'Apellido2', 'profesor101@escom.ipn.mx', '$2a$12$aaszQrdA4N0tJWEtFw4Nle1BzYQ270QC7kGMH3krO0smUN6l3k.wC'),
(102, 'EMP102', 'Profesor_102', 'Apellido1', 'Apellido2', 'profesor102@escom.ipn.mx', '$2a$12$aaszQrdA4N0tJWEtFw4Nle1BzYQ270QC7kGMH3krO0smUN6l3k.wC'),
(103, 'EMP103', 'Profesor_103', 'Apellido1', 'Apellido2', 'profesor103@escom.ipn.mx', '$2a$12$aaszQrdA4N0tJWEtFw4Nle1BzYQ270QC7kGMH3krO0smUN6l3k.wC'),
(104, 'EMP104', 'Profesor_104', 'Apellido1', 'Apellido2', 'profesor104@escom.ipn.mx', '$2a$12$aaszQrdA4N0tJWEtFw4Nle1BzYQ270QC7kGMH3krO0smUN6l3k.wC'),
(105, 'EMP105', 'Profesor_105', 'Apellido1', 'Apellido2', 'profesor105@escom.ipn.mx', '$2a$12$aaszQrdA4N0tJWEtFw4Nle1BzYQ270QC7kGMH3krO0smUN6l3k.wC'),
(106, 'EMP106', 'Profesor_106', 'Apellido1', 'Apellido2', 'profesor106@escom.ipn.mx', '$2a$12$aaszQrdA4N0tJWEtFw4Nle1BzYQ270QC7kGMH3krO0smUN6l3k.wC'),
(107, 'EMP107', 'Profesor_107', 'Apellido1', 'Apellido2', 'profesor107@escom.ipn.mx', '$2a$12$aaszQrdA4N0tJWEtFw4Nle1BzYQ270QC7kGMH3krO0smUN6l3k.wC'),
(108, 'EMP108', 'Profesor_108', 'Apellido1', 'Apellido2', 'profesor108@escom.ipn.mx', '$2a$12$aaszQrdA4N0tJWEtFw4Nle1BzYQ270QC7kGMH3krO0smUN6l3k.wC'),
(109, 'EMP109', 'Profesor_109', 'Apellido1', 'Apellido2', 'profesor109@escom.ipn.mx', '$2a$12$aaszQrdA4N0tJWEtFw4Nle1BzYQ270QC7kGMH3krO0smUN6l3k.wC'),
(110, 'EMP110', 'Profesor_110', 'Apellido1', 'Apellido2', 'profesor110@escom.ipn.mx', '$2a$12$aaszQrdA4N0tJWEtFw4Nle1BzYQ270QC7kGMH3krO0smUN6l3k.wC'),
(111, 'EMP111', 'Profesor_111', 'Apellido1', 'Apellido2', 'profesor111@escom.ipn.mx', '$2a$12$aaszQrdA4N0tJWEtFw4Nle1BzYQ270QC7kGMH3krO0smUN6l3k.wC'),
(112, 'EMP112', 'Profesor_112', 'Apellido1', 'Apellido2', 'profesor112@escom.ipn.mx', '$2a$12$aaszQrdA4N0tJWEtFw4Nle1BzYQ270QC7kGMH3krO0smUN6l3k.wC'),
(113, 'EMP113', 'Profesor_113', 'Apellido1', 'Apellido2', 'profesor113@escom.ipn.mx', '$2a$12$aaszQrdA4N0tJWEtFw4Nle1BzYQ270QC7kGMH3krO0smUN6l3k.wC'),
(114, 'EMP114', 'Profesor_114', 'Apellido1', 'Apellido2', 'profesor114@escom.ipn.mx', '$2a$12$aaszQrdA4N0tJWEtFw4Nle1BzYQ270QC7kGMH3krO0smUN6l3k.wC'),
(115, 'EMP115', 'Profesor_115', 'Apellido1', 'Apellido2', 'profesor115@escom.ipn.mx', '$2a$12$aaszQrdA4N0tJWEtFw4Nle1BzYQ270QC7kGMH3krO0smUN6l3k.wC'),
(116, 'EMP116', 'Profesor_116', 'Apellido1', 'Apellido2', 'profesor116@escom.ipn.mx', '$2a$12$aaszQrdA4N0tJWEtFw4Nle1BzYQ270QC7kGMH3krO0smUN6l3k.wC'),
(117, 'EMP117', 'Profesor_117', 'Apellido1', 'Apellido2', 'profesor117@escom.ipn.mx', '$2a$12$aaszQrdA4N0tJWEtFw4Nle1BzYQ270QC7kGMH3krO0smUN6l3k.wC'),
(118, 'EMP118', 'Profesor_118', 'Apellido1', 'Apellido2', 'profesor118@escom.ipn.mx', '$2a$12$aaszQrdA4N0tJWEtFw4Nle1BzYQ270QC7kGMH3krO0smUN6l3k.wC'),
(119, 'EMP119', 'Profesor_119', 'Apellido1', 'Apellido2', 'profesor119@escom.ipn.mx', '$2a$12$aaszQrdA4N0tJWEtFw4Nle1BzYQ270QC7kGMH3krO0smUN6l3k.wC'),
(120, 'EMP120', 'Profesor_120', 'Apellido1', 'Apellido2', 'profesor120@escom.ipn.mx', '$2a$12$aaszQrdA4N0tJWEtFw4Nle1BzYQ270QC7kGMH3krO0smUN6l3k.wC'),
(121, 'EMP121', 'Profesor_121', 'Apellido1', 'Apellido2', 'profesor121@escom.ipn.mx', '$2a$12$aaszQrdA4N0tJWEtFw4Nle1BzYQ270QC7kGMH3krO0smUN6l3k.wC'),
(122, 'EMP122', 'Profesor_122', 'Apellido1', 'Apellido2', 'profesor122@escom.ipn.mx', '$2a$12$aaszQrdA4N0tJWEtFw4Nle1BzYQ270QC7kGMH3krO0smUN6l3k.wC'),
(123, 'EMP123', 'Profesor_123', 'Apellido1', 'Apellido2', 'profesor123@escom.ipn.mx', '$2a$12$aaszQrdA4N0tJWEtFw4Nle1BzYQ270QC7kGMH3krO0smUN6l3k.wC'),
(124, 'EMP124', 'Profesor_124', 'Apellido1', 'Apellido2', 'profesor124@escom.ipn.mx', '$2a$12$aaszQrdA4N0tJWEtFw4Nle1BzYQ270QC7kGMH3krO0smUN6l3k.wC'),
(125, 'EMP125', 'Profesor_125', 'Apellido1', 'Apellido2', 'profesor125@escom.ipn.mx', '$2a$12$aaszQrdA4N0tJWEtFw4Nle1BzYQ270QC7kGMH3krO0smUN6l3k.wC'),
(126, 'EMP126', 'Profesor_126', 'Apellido1', 'Apellido2', 'profesor126@escom.ipn.mx', '$2a$12$aaszQrdA4N0tJWEtFw4Nle1BzYQ270QC7kGMH3krO0smUN6l3k.wC'),
(127, 'EMP127', 'Profesor_127', 'Apellido1', 'Apellido2', 'profesor127@escom.ipn.mx', '$2a$12$aaszQrdA4N0tJWEtFw4Nle1BzYQ270QC7kGMH3krO0smUN6l3k.wC'),
(128, 'EMP128', 'Profesor_128', 'Apellido1', 'Apellido2', 'profesor128@escom.ipn.mx', '$2a$12$aaszQrdA4N0tJWEtFw4Nle1BzYQ270QC7kGMH3krO0smUN6l3k.wC'),
(129, 'EMP129', 'Profesor_129', 'Apellido1', 'Apellido2', 'profesor129@escom.ipn.mx', '$2a$12$aaszQrdA4N0tJWEtFw4Nle1BzYQ270QC7kGMH3krO0smUN6l3k.wC'),
(130, 'EMP130', 'Profesor_130', 'Apellido1', 'Apellido2', 'profesor130@escom.ipn.mx', '$2a$12$aaszQrdA4N0tJWEtFw4Nle1BzYQ270QC7kGMH3krO0smUN6l3k.wC'),
(131, 'EMP131', 'Profesor_131', 'Apellido1', 'Apellido2', 'profesor131@escom.ipn.mx', '$2a$12$aaszQrdA4N0tJWEtFw4Nle1BzYQ270QC7kGMH3krO0smUN6l3k.wC'),
(132, 'EMP132', 'Profesor_132', 'Apellido1', 'Apellido2', 'profesor132@escom.ipn.mx', '$2a$12$aaszQrdA4N0tJWEtFw4Nle1BzYQ270QC7kGMH3krO0smUN6l3k.wC'),
(133, 'EMP133', 'Profesor_133', 'Apellido1', 'Apellido2', 'profesor133@escom.ipn.mx', '$2a$12$aaszQrdA4N0tJWEtFw4Nle1BzYQ270QC7kGMH3krO0smUN6l3k.wC'),
(134, 'EMP134', 'Profesor_134', 'Apellido1', 'Apellido2', 'profesor134@escom.ipn.mx', '$2a$12$aaszQrdA4N0tJWEtFw4Nle1BzYQ270QC7kGMH3krO0smUN6l3k.wC'),
(135, 'EMP135', 'Profesor_135', 'Apellido1', 'Apellido2', 'profesor135@escom.ipn.mx', '$2a$12$aaszQrdA4N0tJWEtFw4Nle1BzYQ270QC7kGMH3krO0smUN6l3k.wC'),
(136, 'EMP136', 'Profesor_136', 'Apellido1', 'Apellido2', 'profesor136@escom.ipn.mx', '$2a$12$aaszQrdA4N0tJWEtFw4Nle1BzYQ270QC7kGMH3krO0smUN6l3k.wC'),
(137, 'EMP137', 'Profesor_137', 'Apellido1', 'Apellido2', 'profesor137@escom.ipn.mx', '$2a$12$aaszQrdA4N0tJWEtFw4Nle1BzYQ270QC7kGMH3krO0smUN6l3k.wC'),
(138, 'EMP138', 'Profesor_138', 'Apellido1', 'Apellido2', 'profesor138@escom.ipn.mx', '$2a$12$aaszQrdA4N0tJWEtFw4Nle1BzYQ270QC7kGMH3krO0smUN6l3k.wC'),
(139, 'EMP139', 'Profesor_139', 'Apellido1', 'Apellido2', 'profesor139@escom.ipn.mx', '$2a$12$aaszQrdA4N0tJWEtFw4Nle1BzYQ270QC7kGMH3krO0smUN6l3k.wC'),
(140, 'EMP140', 'Profesor_140', 'Apellido1', 'Apellido2', 'profesor140@escom.ipn.mx', '$2a$12$aaszQrdA4N0tJWEtFw4Nle1BzYQ270QC7kGMH3krO0smUN6l3k.wC'),
(141, 'EMP141', 'Profesor_141', 'Apellido1', 'Apellido2', 'profesor141@escom.ipn.mx', '$2a$12$aaszQrdA4N0tJWEtFw4Nle1BzYQ270QC7kGMH3krO0smUN6l3k.wC'),
(142, 'EMP142', 'Profesor_142', 'Apellido1', 'Apellido2', 'profesor142@escom.ipn.mx', '$2a$12$aaszQrdA4N0tJWEtFw4Nle1BzYQ270QC7kGMH3krO0smUN6l3k.wC'),
(143, 'EMP143', 'Profesor_143', 'Apellido1', 'Apellido2', 'profesor143@escom.ipn.mx', '$2a$12$aaszQrdA4N0tJWEtFw4Nle1BzYQ270QC7kGMH3krO0smUN6l3k.wC'),
(144, 'EMP144', 'Profesor_144', 'Apellido1', 'Apellido2', 'profesor144@escom.ipn.mx', '$2a$12$aaszQrdA4N0tJWEtFw4Nle1BzYQ270QC7kGMH3krO0smUN6l3k.wC'),
(145, 'EMP145', 'Profesor_145', 'Apellido1', 'Apellido2', 'profesor145@escom.ipn.mx', '$2a$12$aaszQrdA4N0tJWEtFw4Nle1BzYQ270QC7kGMH3krO0smUN6l3k.wC'),
(146, 'EMP146', 'Profesor_146', 'Apellido1', 'Apellido2', 'profesor146@escom.ipn.mx', '$2a$12$aaszQrdA4N0tJWEtFw4Nle1BzYQ270QC7kGMH3krO0smUN6l3k.wC'),
(147, 'EMP147', 'Profesor_147', 'Apellido1', 'Apellido2', 'profesor147@escom.ipn.mx', '$2a$12$aaszQrdA4N0tJWEtFw4Nle1BzYQ270QC7kGMH3krO0smUN6l3k.wC'),
(148, 'EMP148', 'Profesor_148', 'Apellido1', 'Apellido2', 'profesor148@escom.ipn.mx', '$2a$12$aaszQrdA4N0tJWEtFw4Nle1BzYQ270QC7kGMH3krO0smUN6l3k.wC'),
(149, 'EMP149', 'Profesor_149', 'Apellido1', 'Apellido2', 'profesor149@escom.ipn.mx', '$2a$12$aaszQrdA4N0tJWEtFw4Nle1BzYQ270QC7kGMH3krO0smUN6l3k.wC'),
(150, 'EMP150', 'Profesor_150', 'Apellido1', 'Apellido2', 'profesor150@escom.ipn.mx', '$2a$12$aaszQrdA4N0tJWEtFw4Nle1BzYQ270QC7kGMH3krO0smUN6l3k.wC'),
(151, '2026630151', 'Alumno_151', 'Apellido1', 'Apellido2', 'alumno151@alumno.ipn.mx', '$2a$12$aaszQrdA4N0tJWEtFw4Nle1BzYQ270QC7kGMH3krO0smUN6l3k.wC'),
(152, '2026630152', 'Alumno_152', 'Apellido1', 'Apellido2', 'alumno152@alumno.ipn.mx', '$2a$12$aaszQrdA4N0tJWEtFw4Nle1BzYQ270QC7kGMH3krO0smUN6l3k.wC'),
(153, '2026630153', 'Alumno_153', 'Apellido1', 'Apellido2', 'alumno153@alumno.ipn.mx', '$2a$12$aaszQrdA4N0tJWEtFw4Nle1BzYQ270QC7kGMH3krO0smUN6l3k.wC'),
(154, '2026630154', 'Alumno_154', 'Apellido1', 'Apellido2', 'alumno154@alumno.ipn.mx', '$2a$12$aaszQrdA4N0tJWEtFw4Nle1BzYQ270QC7kGMH3krO0smUN6l3k.wC'),
(155, '2026630155', 'Alumno_155', 'Apellido1', 'Apellido2', 'alumno155@alumno.ipn.mx', '$2a$12$aaszQrdA4N0tJWEtFw4Nle1BzYQ270QC7kGMH3krO0smUN6l3k.wC'),
(156, '2026630156', 'Alumno_156', 'Apellido1', 'Apellido2', 'alumno156@alumno.ipn.mx', '$2a$12$aaszQrdA4N0tJWEtFw4Nle1BzYQ270QC7kGMH3krO0smUN6l3k.wC'),
(157, '2026630157', 'Alumno_157', 'Apellido1', 'Apellido2', 'alumno157@alumno.ipn.mx', '$2a$12$aaszQrdA4N0tJWEtFw4Nle1BzYQ270QC7kGMH3krO0smUN6l3k.wC'),
(158, '2026630158', 'Alumno_158', 'Apellido1', 'Apellido2', 'alumno158@alumno.ipn.mx', '$2a$12$aaszQrdA4N0tJWEtFw4Nle1BzYQ270QC7kGMH3krO0smUN6l3k.wC'),
(159, '2026630159', 'Alumno_159', 'Apellido1', 'Apellido2', 'alumno159@alumno.ipn.mx', '$2a$12$aaszQrdA4N0tJWEtFw4Nle1BzYQ270QC7kGMH3krO0smUN6l3k.wC'),
(160, '2026630160', 'Alumno_160', 'Apellido1', 'Apellido2', 'alumno160@alumno.ipn.mx', '$2a$12$aaszQrdA4N0tJWEtFw4Nle1BzYQ270QC7kGMH3krO0smUN6l3k.wC'),
(161, '2026630161', 'Alumno_161', 'Apellido1', 'Apellido2', 'alumno161@alumno.ipn.mx', '$2a$12$aaszQrdA4N0tJWEtFw4Nle1BzYQ270QC7kGMH3krO0smUN6l3k.wC'),
(162, '2026630162', 'Alumno_162', 'Apellido1', 'Apellido2', 'alumno162@alumno.ipn.mx', '$2a$12$aaszQrdA4N0tJWEtFw4Nle1BzYQ270QC7kGMH3krO0smUN6l3k.wC'),
(163, '2026630163', 'Alumno_163', 'Apellido1', 'Apellido2', 'alumno163@alumno.ipn.mx', '$2a$12$aaszQrdA4N0tJWEtFw4Nle1BzYQ270QC7kGMH3krO0smUN6l3k.wC'),
(164, '2026630164', 'Alumno_164', 'Apellido1', 'Apellido2', 'alumno164@alumno.ipn.mx', '$2a$12$aaszQrdA4N0tJWEtFw4Nle1BzYQ270QC7kGMH3krO0smUN6l3k.wC'),
(165, '2026630165', 'Alumno_165', 'Apellido1', 'Apellido2', 'alumno165@alumno.ipn.mx', '$2a$12$aaszQrdA4N0tJWEtFw4Nle1BzYQ270QC7kGMH3krO0smUN6l3k.wC'),
(166, '2026630166', 'Alumno_166', 'Apellido1', 'Apellido2', 'alumno166@alumno.ipn.mx', '$2a$12$aaszQrdA4N0tJWEtFw4Nle1BzYQ270QC7kGMH3krO0smUN6l3k.wC'),
(167, '2026630167', 'Alumno_167', 'Apellido1', 'Apellido2', 'alumno167@alumno.ipn.mx', '$2a$12$aaszQrdA4N0tJWEtFw4Nle1BzYQ270QC7kGMH3krO0smUN6l3k.wC'),
(168, '2026630168', 'Alumno_168', 'Apellido1', 'Apellido2', 'alumno168@alumno.ipn.mx', '$2a$12$aaszQrdA4N0tJWEtFw4Nle1BzYQ270QC7kGMH3krO0smUN6l3k.wC'),
(169, '2026630169', 'Alumno_169', 'Apellido1', 'Apellido2', 'alumno169@alumno.ipn.mx', '$2a$12$aaszQrdA4N0tJWEtFw4Nle1BzYQ270QC7kGMH3krO0smUN6l3k.wC'),
(170, '2026630170', 'Alumno_170', 'Apellido1', 'Apellido2', 'alumno170@alumno.ipn.mx', '$2a$12$aaszQrdA4N0tJWEtFw4Nle1BzYQ270QC7kGMH3krO0smUN6l3k.wC'),
(171, '2026630171', 'Alumno_171', 'Apellido1', 'Apellido2', 'alumno171@alumno.ipn.mx', '$2a$12$aaszQrdA4N0tJWEtFw4Nle1BzYQ270QC7kGMH3krO0smUN6l3k.wC'),
(172, '2026630172', 'Alumno_172', 'Apellido1', 'Apellido2', 'alumno172@alumno.ipn.mx', '$2a$12$aaszQrdA4N0tJWEtFw4Nle1BzYQ270QC7kGMH3krO0smUN6l3k.wC'),
(173, '2026630173', 'Alumno_173', 'Apellido1', 'Apellido2', 'alumno173@alumno.ipn.mx', '$2a$12$aaszQrdA4N0tJWEtFw4Nle1BzYQ270QC7kGMH3krO0smUN6l3k.wC'),
(174, '2026630174', 'Alumno_174', 'Apellido1', 'Apellido2', 'alumno174@alumno.ipn.mx', '$2a$12$aaszQrdA4N0tJWEtFw4Nle1BzYQ270QC7kGMH3krO0smUN6l3k.wC'),
(175, '2026630175', 'Alumno_175', 'Apellido1', 'Apellido2', 'alumno175@alumno.ipn.mx', '$2a$12$aaszQrdA4N0tJWEtFw4Nle1BzYQ270QC7kGMH3krO0smUN6l3k.wC'),
(176, '2026630176', 'Alumno_176', 'Apellido1', 'Apellido2', 'alumno176@alumno.ipn.mx', '$2a$12$aaszQrdA4N0tJWEtFw4Nle1BzYQ270QC7kGMH3krO0smUN6l3k.wC'),
(177, '2026630177', 'Alumno_177', 'Apellido1', 'Apellido2', 'alumno177@alumno.ipn.mx', '$2a$12$aaszQrdA4N0tJWEtFw4Nle1BzYQ270QC7kGMH3krO0smUN6l3k.wC'),
(178, '2026630178', 'Alumno_178', 'Apellido1', 'Apellido2', 'alumno178@alumno.ipn.mx', '$2a$12$aaszQrdA4N0tJWEtFw4Nle1BzYQ270QC7kGMH3krO0smUN6l3k.wC'),
(179, '2026630179', 'Alumno_179', 'Apellido1', 'Apellido2', 'alumno179@alumno.ipn.mx', '$2a$12$aaszQrdA4N0tJWEtFw4Nle1BzYQ270QC7kGMH3krO0smUN6l3k.wC'),
(180, '2026630180', 'Alumno_180', 'Apellido1', 'Apellido2', 'alumno180@alumno.ipn.mx', '$2a$12$aaszQrdA4N0tJWEtFw4Nle1BzYQ270QC7kGMH3krO0smUN6l3k.wC'),
(181, '2026630181', 'Alumno_181', 'Apellido1', 'Apellido2', 'alumno181@alumno.ipn.mx', '$2a$12$aaszQrdA4N0tJWEtFw4Nle1BzYQ270QC7kGMH3krO0smUN6l3k.wC'),
(182, '2026630182', 'Alumno_182', 'Apellido1', 'Apellido2', 'alumno182@alumno.ipn.mx', '$2a$12$aaszQrdA4N0tJWEtFw4Nle1BzYQ270QC7kGMH3krO0smUN6l3k.wC'),
(183, '2026630183', 'Alumno_183', 'Apellido1', 'Apellido2', 'alumno183@alumno.ipn.mx', '$2a$12$aaszQrdA4N0tJWEtFw4Nle1BzYQ270QC7kGMH3krO0smUN6l3k.wC'),
(184, '2026630184', 'Alumno_184', 'Apellido1', 'Apellido2', 'alumno184@alumno.ipn.mx', '$2a$12$aaszQrdA4N0tJWEtFw4Nle1BzYQ270QC7kGMH3krO0smUN6l3k.wC'),
(185, '2026630185', 'Alumno_185', 'Apellido1', 'Apellido2', 'alumno185@alumno.ipn.mx', '$2a$12$aaszQrdA4N0tJWEtFw4Nle1BzYQ270QC7kGMH3krO0smUN6l3k.wC'),
(186, '2026630186', 'Alumno_186', 'Apellido1', 'Apellido2', 'alumno186@alumno.ipn.mx', '$2a$12$aaszQrdA4N0tJWEtFw4Nle1BzYQ270QC7kGMH3krO0smUN6l3k.wC'),
(187, '2026630187', 'Alumno_187', 'Apellido1', 'Apellido2', 'alumno187@alumno.ipn.mx', '$2a$12$aaszQrdA4N0tJWEtFw4Nle1BzYQ270QC7kGMH3krO0smUN6l3k.wC'),
(188, '2026630188', 'Alumno_188', 'Apellido1', 'Apellido2', 'alumno188@alumno.ipn.mx', '$2a$12$aaszQrdA4N0tJWEtFw4Nle1BzYQ270QC7kGMH3krO0smUN6l3k.wC'),
(189, '2026630189', 'Alumno_189', 'Apellido1', 'Apellido2', 'alumno189@alumno.ipn.mx', '$2a$12$aaszQrdA4N0tJWEtFw4Nle1BzYQ270QC7kGMH3krO0smUN6l3k.wC'),
(190, '2026630190', 'Alumno_190', 'Apellido1', 'Apellido2', 'alumno190@alumno.ipn.mx', '$2a$12$aaszQrdA4N0tJWEtFw4Nle1BzYQ270QC7kGMH3krO0smUN6l3k.wC'),
(191, '2026630191', 'Alumno_191', 'Apellido1', 'Apellido2', 'alumno191@alumno.ipn.mx', '$2a$12$aaszQrdA4N0tJWEtFw4Nle1BzYQ270QC7kGMH3krO0smUN6l3k.wC'),
(192, '2026630192', 'Alumno_192', 'Apellido1', 'Apellido2', 'alumno192@alumno.ipn.mx', '$2a$12$aaszQrdA4N0tJWEtFw4Nle1BzYQ270QC7kGMH3krO0smUN6l3k.wC'),
(193, '2026630193', 'Alumno_193', 'Apellido1', 'Apellido2', 'alumno193@alumno.ipn.mx', '$2a$12$aaszQrdA4N0tJWEtFw4Nle1BzYQ270QC7kGMH3krO0smUN6l3k.wC'),
(194, '2026630194', 'Alumno_194', 'Apellido1', 'Apellido2', 'alumno194@alumno.ipn.mx', '$2a$12$aaszQrdA4N0tJWEtFw4Nle1BzYQ270QC7kGMH3krO0smUN6l3k.wC'),
(195, '2026630195', 'Alumno_195', 'Apellido1', 'Apellido2', 'alumno195@alumno.ipn.mx', '$2a$12$aaszQrdA4N0tJWEtFw4Nle1BzYQ270QC7kGMH3krO0smUN6l3k.wC'),
(196, '2026630196', 'Alumno_196', 'Apellido1', 'Apellido2', 'alumno196@alumno.ipn.mx', '$2a$12$aaszQrdA4N0tJWEtFw4Nle1BzYQ270QC7kGMH3krO0smUN6l3k.wC'),
(197, '2026630197', 'Alumno_197', 'Apellido1', 'Apellido2', 'alumno197@alumno.ipn.mx', '$2a$12$aaszQrdA4N0tJWEtFw4Nle1BzYQ270QC7kGMH3krO0smUN6l3k.wC'),
(198, '2026630198', 'Alumno_198', 'Apellido1', 'Apellido2', 'alumno198@alumno.ipn.mx', '$2a$12$aaszQrdA4N0tJWEtFw4Nle1BzYQ270QC7kGMH3krO0smUN6l3k.wC'),
(199, '2026630199', 'Alumno_199', 'Apellido1', 'Apellido2', 'alumno199@alumno.ipn.mx', '$2a$12$aaszQrdA4N0tJWEtFw4Nle1BzYQ270QC7kGMH3krO0smUN6l3k.wC'),
(200, '2026630200', 'Alumno_200', 'Apellido1', 'Apellido2', 'alumno200@alumno.ipn.mx', '$2a$12$aaszQrdA4N0tJWEtFw4Nle1BzYQ270QC7kGMH3krO0smUN6l3k.wC'),
(201, '2026630201', 'Alumno_201', 'Apellido1', 'Apellido2', 'alumno201@alumno.ipn.mx', '$2a$12$aaszQrdA4N0tJWEtFw4Nle1BzYQ270QC7kGMH3krO0smUN6l3k.wC'),
(202, '2026630202', 'Alumno_202', 'Apellido1', 'Apellido2', 'alumno202@alumno.ipn.mx', '$2a$12$aaszQrdA4N0tJWEtFw4Nle1BzYQ270QC7kGMH3krO0smUN6l3k.wC'),
(203, '2026630203', 'Alumno_203', 'Apellido1', 'Apellido2', 'alumno203@alumno.ipn.mx', '$2a$12$aaszQrdA4N0tJWEtFw4Nle1BzYQ270QC7kGMH3krO0smUN6l3k.wC'),
(204, '2026630204', 'Alumno_204', 'Apellido1', 'Apellido2', 'alumno204@alumno.ipn.mx', '$2a$12$aaszQrdA4N0tJWEtFw4Nle1BzYQ270QC7kGMH3krO0smUN6l3k.wC'),
(205, '2026630205', 'Alumno_205', 'Apellido1', 'Apellido2', 'alumno205@alumno.ipn.mx', '$2a$12$aaszQrdA4N0tJWEtFw4Nle1BzYQ270QC7kGMH3krO0smUN6l3k.wC'),
(206, '2026630206', 'Alumno_206', 'Apellido1', 'Apellido2', 'alumno206@alumno.ipn.mx', '$2a$12$aaszQrdA4N0tJWEtFw4Nle1BzYQ270QC7kGMH3krO0smUN6l3k.wC'),
(207, '2026630207', 'Alumno_207', 'Apellido1', 'Apellido2', 'alumno207@alumno.ipn.mx', '$2a$12$aaszQrdA4N0tJWEtFw4Nle1BzYQ270QC7kGMH3krO0smUN6l3k.wC'),
(208, '2026630208', 'Alumno_208', 'Apellido1', 'Apellido2', 'alumno208@alumno.ipn.mx', '$2a$12$aaszQrdA4N0tJWEtFw4Nle1BzYQ270QC7kGMH3krO0smUN6l3k.wC'),
(209, '2026630209', 'Alumno_209', 'Apellido1', 'Apellido2', 'alumno209@alumno.ipn.mx', '$2a$12$aaszQrdA4N0tJWEtFw4Nle1BzYQ270QC7kGMH3krO0smUN6l3k.wC'),
(210, '2026630210', 'Alumno_210', 'Apellido1', 'Apellido2', 'alumno210@alumno.ipn.mx', '$2a$12$aaszQrdA4N0tJWEtFw4Nle1BzYQ270QC7kGMH3krO0smUN6l3k.wC'),
(211, '2026630211', 'Alumno_211', 'Apellido1', 'Apellido2', 'alumno211@alumno.ipn.mx', '$2a$12$aaszQrdA4N0tJWEtFw4Nle1BzYQ270QC7kGMH3krO0smUN6l3k.wC'),
(212, '2026630212', 'Alumno_212', 'Apellido1', 'Apellido2', 'alumno212@alumno.ipn.mx', '$2a$12$aaszQrdA4N0tJWEtFw4Nle1BzYQ270QC7kGMH3krO0smUN6l3k.wC'),
(213, '2026630213', 'Alumno_213', 'Apellido1', 'Apellido2', 'alumno213@alumno.ipn.mx', '$2a$12$aaszQrdA4N0tJWEtFw4Nle1BzYQ270QC7kGMH3krO0smUN6l3k.wC'),
(214, '2026630214', 'Alumno_214', 'Apellido1', 'Apellido2', 'alumno214@alumno.ipn.mx', '$2a$12$aaszQrdA4N0tJWEtFw4Nle1BzYQ270QC7kGMH3krO0smUN6l3k.wC'),
(215, '2026630215', 'Alumno_215', 'Apellido1', 'Apellido2', 'alumno215@alumno.ipn.mx', '$2a$12$aaszQrdA4N0tJWEtFw4Nle1BzYQ270QC7kGMH3krO0smUN6l3k.wC'),
(216, '2026630216', 'Alumno_216', 'Apellido1', 'Apellido2', 'alumno216@alumno.ipn.mx', '$2a$12$aaszQrdA4N0tJWEtFw4Nle1BzYQ270QC7kGMH3krO0smUN6l3k.wC'),
(217, '2026630217', 'Alumno_217', 'Apellido1', 'Apellido2', 'alumno217@alumno.ipn.mx', '$2a$12$aaszQrdA4N0tJWEtFw4Nle1BzYQ270QC7kGMH3krO0smUN6l3k.wC'),
(218, '2026630218', 'Alumno_218', 'Apellido1', 'Apellido2', 'alumno218@alumno.ipn.mx', '$2a$12$aaszQrdA4N0tJWEtFw4Nle1BzYQ270QC7kGMH3krO0smUN6l3k.wC'),
(219, '2026630219', 'Alumno_219', 'Apellido1', 'Apellido2', 'alumno219@alumno.ipn.mx', '$2a$12$aaszQrdA4N0tJWEtFw4Nle1BzYQ270QC7kGMH3krO0smUN6l3k.wC'),
(220, '2026630220', 'Alumno_220', 'Apellido1', 'Apellido2', 'alumno220@alumno.ipn.mx', '$2a$12$aaszQrdA4N0tJWEtFw4Nle1BzYQ270QC7kGMH3krO0smUN6l3k.wC'),
(221, '2026630221', 'Alumno_221', 'Apellido1', 'Apellido2', 'alumno221@alumno.ipn.mx', '$2a$12$aaszQrdA4N0tJWEtFw4Nle1BzYQ270QC7kGMH3krO0smUN6l3k.wC'),
(222, '2026630222', 'Alumno_222', 'Apellido1', 'Apellido2', 'alumno222@alumno.ipn.mx', '$2a$12$aaszQrdA4N0tJWEtFw4Nle1BzYQ270QC7kGMH3krO0smUN6l3k.wC'),
(223, '2026630223', 'Alumno_223', 'Apellido1', 'Apellido2', 'alumno223@alumno.ipn.mx', '$2a$12$aaszQrdA4N0tJWEtFw4Nle1BzYQ270QC7kGMH3krO0smUN6l3k.wC'),
(224, '2026630224', 'Alumno_224', 'Apellido1', 'Apellido2', 'alumno224@alumno.ipn.mx', '$2a$12$aaszQrdA4N0tJWEtFw4Nle1BzYQ270QC7kGMH3krO0smUN6l3k.wC'),
(225, '2026630225', 'Alumno_225', 'Apellido1', 'Apellido2', 'alumno225@alumno.ipn.mx', '$2a$12$aaszQrdA4N0tJWEtFw4Nle1BzYQ270QC7kGMH3krO0smUN6l3k.wC'),
(226, '2026630226', 'Alumno_226', 'Apellido1', 'Apellido2', 'alumno226@alumno.ipn.mx', '$2a$12$aaszQrdA4N0tJWEtFw4Nle1BzYQ270QC7kGMH3krO0smUN6l3k.wC'),
(227, '2026630227', 'Alumno_227', 'Apellido1', 'Apellido2', 'alumno227@alumno.ipn.mx', '$2a$12$aaszQrdA4N0tJWEtFw4Nle1BzYQ270QC7kGMH3krO0smUN6l3k.wC'),
(228, '2026630228', 'Alumno_228', 'Apellido1', 'Apellido2', 'alumno228@alumno.ipn.mx', '$2a$12$aaszQrdA4N0tJWEtFw4Nle1BzYQ270QC7kGMH3krO0smUN6l3k.wC'),
(229, '2026630229', 'Alumno_229', 'Apellido1', 'Apellido2', 'alumno229@alumno.ipn.mx', '$2a$12$aaszQrdA4N0tJWEtFw4Nle1BzYQ270QC7kGMH3krO0smUN6l3k.wC'),
(230, '2026630230', 'Alumno_230', 'Apellido1', 'Apellido2', 'alumno230@alumno.ipn.mx', '$2a$12$aaszQrdA4N0tJWEtFw4Nle1BzYQ270QC7kGMH3krO0smUN6l3k.wC'),
(231, '2026630231', 'Alumno_231', 'Apellido1', 'Apellido2', 'alumno231@alumno.ipn.mx', '$2a$12$aaszQrdA4N0tJWEtFw4Nle1BzYQ270QC7kGMH3krO0smUN6l3k.wC'),
(232, '2026630232', 'Alumno_232', 'Apellido1', 'Apellido2', 'alumno232@alumno.ipn.mx', '$2a$12$aaszQrdA4N0tJWEtFw4Nle1BzYQ270QC7kGMH3krO0smUN6l3k.wC'),
(233, '2026630233', 'Alumno_233', 'Apellido1', 'Apellido2', 'alumno233@alumno.ipn.mx', '$2a$12$aaszQrdA4N0tJWEtFw4Nle1BzYQ270QC7kGMH3krO0smUN6l3k.wC'),
(234, '2026630234', 'Alumno_234', 'Apellido1', 'Apellido2', 'alumno234@alumno.ipn.mx', '$2a$12$aaszQrdA4N0tJWEtFw4Nle1BzYQ270QC7kGMH3krO0smUN6l3k.wC'),
(235, '2026630235', 'Alumno_235', 'Apellido1', 'Apellido2', 'alumno235@alumno.ipn.mx', '$2a$12$aaszQrdA4N0tJWEtFw4Nle1BzYQ270QC7kGMH3krO0smUN6l3k.wC'),
(236, '2026630236', 'Alumno_236', 'Apellido1', 'Apellido2', 'alumno236@alumno.ipn.mx', '$2a$12$aaszQrdA4N0tJWEtFw4Nle1BzYQ270QC7kGMH3krO0smUN6l3k.wC'),
(237, '2026630237', 'Alumno_237', 'Apellido1', 'Apellido2', 'alumno237@alumno.ipn.mx', '$2a$12$aaszQrdA4N0tJWEtFw4Nle1BzYQ270QC7kGMH3krO0smUN6l3k.wC'),
(238, '2026630238', 'Alumno_238', 'Apellido1', 'Apellido2', 'alumno238@alumno.ipn.mx', '$2a$12$aaszQrdA4N0tJWEtFw4Nle1BzYQ270QC7kGMH3krO0smUN6l3k.wC'),
(239, '2026630239', 'Alumno_239', 'Apellido1', 'Apellido2', 'alumno239@alumno.ipn.mx', '$2a$12$aaszQrdA4N0tJWEtFw4Nle1BzYQ270QC7kGMH3krO0smUN6l3k.wC'),
(240, '2026630240', 'Alumno_240', 'Apellido1', 'Apellido2', 'alumno240@alumno.ipn.mx', '$2a$12$aaszQrdA4N0tJWEtFw4Nle1BzYQ270QC7kGMH3krO0smUN6l3k.wC'),
(241, '2026630241', 'Alumno_241', 'Apellido1', 'Apellido2', 'alumno241@alumno.ipn.mx', '$2a$12$aaszQrdA4N0tJWEtFw4Nle1BzYQ270QC7kGMH3krO0smUN6l3k.wC'),
(242, '2026630242', 'Alumno_242', 'Apellido1', 'Apellido2', 'alumno242@alumno.ipn.mx', '$2a$12$aaszQrdA4N0tJWEtFw4Nle1BzYQ270QC7kGMH3krO0smUN6l3k.wC'),
(243, '2026630243', 'Alumno_243', 'Apellido1', 'Apellido2', 'alumno243@alumno.ipn.mx', '$2a$12$aaszQrdA4N0tJWEtFw4Nle1BzYQ270QC7kGMH3krO0smUN6l3k.wC'),
(244, '2026630244', 'Alumno_244', 'Apellido1', 'Apellido2', 'alumno244@alumno.ipn.mx', '$2a$12$aaszQrdA4N0tJWEtFw4Nle1BzYQ270QC7kGMH3krO0smUN6l3k.wC'),
(245, '2026630245', 'Alumno_245', 'Apellido1', 'Apellido2', 'alumno245@alumno.ipn.mx', '$2a$12$aaszQrdA4N0tJWEtFw4Nle1BzYQ270QC7kGMH3krO0smUN6l3k.wC'),
(246, '2026630246', 'Alumno_246', 'Apellido1', 'Apellido2', 'alumno246@alumno.ipn.mx', '$2a$12$aaszQrdA4N0tJWEtFw4Nle1BzYQ270QC7kGMH3krO0smUN6l3k.wC'),
(247, '2026630247', 'Alumno_247', 'Apellido1', 'Apellido2', 'alumno247@alumno.ipn.mx', '$2a$12$aaszQrdA4N0tJWEtFw4Nle1BzYQ270QC7kGMH3krO0smUN6l3k.wC'),
(248, '2026630248', 'Alumno_248', 'Apellido1', 'Apellido2', 'alumno248@alumno.ipn.mx', '$2a$12$aaszQrdA4N0tJWEtFw4Nle1BzYQ270QC7kGMH3krO0smUN6l3k.wC'),
(249, '2026630249', 'Alumno_249', 'Apellido1', 'Apellido2', 'alumno249@alumno.ipn.mx', '$2a$12$aaszQrdA4N0tJWEtFw4Nle1BzYQ270QC7kGMH3krO0smUN6l3k.wC'),
(250, '2026630250', 'Alumno_250', 'Apellido1', 'Apellido2', 'alumno250@alumno.ipn.mx', '$2a$12$aaszQrdA4N0tJWEtFw4Nle1BzYQ270QC7kGMH3krO0smUN6l3k.wC');
INSERT INTO usuario_rol (id_usuario, id_rol) VALUES
(1, 2),
(2, 2),
(3, 2),
(4, 2),
(5, 2),
(6, 2),
(7, 2),
(8, 2),
(9, 2),
(10, 2),
(11, 2),
(12, 2),
(13, 2),
(14, 2),
(15, 2),
(16, 2),
(17, 2),
(18, 2),
(19, 2),
(20, 2),
(21, 2),
(22, 2),
(23, 2),
(24, 2),
(25, 2),
(26, 2),
(27, 2),
(28, 2),
(29, 2),
(30, 2),
(31, 2),
(32, 2),
(33, 2),
(34, 2),
(35, 2),
(36, 2),
(37, 2),
(38, 2),
(39, 2),
(40, 2),
(41, 2),
(42, 2),
(43, 2),
(44, 2),
(45, 2),
(46, 2),
(47, 2),
(48, 2),
(49, 2),
(50, 2),
(51, 2),
(52, 2),
(53, 2),
(54, 2),
(55, 2),
(56, 2),
(57, 2),
(58, 2),
(59, 2),
(60, 2),
(61, 2),
(62, 2),
(63, 2),
(64, 2),
(65, 2),
(66, 2),
(67, 2),
(68, 2),
(69, 2),
(70, 2),
(71, 2),
(72, 2),
(73, 2),
(74, 2),
(75, 2),
(76, 2),
(77, 2),
(78, 2),
(79, 2),
(80, 2),
(81, 2),
(82, 2),
(83, 2),
(84, 2),
(85, 2),
(86, 2),
(87, 2),
(88, 2),
(89, 2),
(90, 2),
(91, 2),
(92, 2),
(93, 2),
(94, 2),
(95, 2),
(96, 2),
(97, 2),
(98, 2),
(99, 2),
(100, 2),
(101, 2),
(102, 2),
(103, 2),
(104, 2),
(105, 2),
(106, 2),
(107, 2),
(108, 2),
(109, 2),
(110, 2),
(111, 2),
(112, 2),
(113, 2),
(114, 2),
(115, 2),
(116, 2),
(117, 2),
(118, 2),
(119, 2),
(120, 2),
(121, 2),
(122, 2),
(123, 2),
(124, 2),
(125, 2),
(126, 2),
(127, 2),
(128, 2),
(129, 2),
(130, 2),
(131, 2),
(132, 2),
(133, 2),
(134, 2),
(135, 2),
(136, 2),
(137, 2),
(138, 2),
(139, 2),
(140, 2),
(141, 2),
(142, 2),
(143, 2),
(144, 2),
(145, 2),
(146, 2),
(147, 2),
(148, 2),
(149, 2),
(150, 2),
(151, 3),
(152, 3),
(153, 3),
(154, 3),
(155, 3),
(156, 3),
(157, 3),
(158, 3),
(159, 3),
(160, 3),
(161, 3),
(162, 3),
(163, 3),
(164, 3),
(165, 3),
(166, 3),
(167, 3),
(168, 3),
(169, 3),
(170, 3),
(171, 3),
(172, 3),
(173, 3),
(174, 3),
(175, 3),
(176, 3),
(177, 3),
(178, 3),
(179, 3),
(180, 3),
(181, 3),
(182, 3),
(183, 3),
(184, 3),
(185, 3),
(186, 3),
(187, 3),
(188, 3),
(189, 3),
(190, 3),
(191, 3),
(192, 3),
(193, 3),
(194, 3),
(195, 3),
(196, 3),
(197, 3),
(198, 3),
(199, 3),
(200, 3),
(201, 3),
(202, 3),
(203, 3),
(204, 3),
(205, 3),
(206, 3),
(207, 3),
(208, 3),
(209, 3),
(210, 3),
(211, 3),
(212, 3),
(213, 3),
(214, 3),
(215, 3),
(216, 3),
(217, 3),
(218, 3),
(219, 3),
(220, 3),
(221, 3),
(222, 3),
(223, 3),
(224, 3),
(225, 3),
(226, 3),
(227, 3),
(228, 3),
(229, 3),
(230, 3),
(231, 3),
(232, 3),
(233, 3),
(234, 3),
(235, 3),
(236, 3),
(237, 3),
(238, 3),
(239, 3),
(240, 3),
(241, 3),
(242, 3),
(243, 3),
(244, 3),
(245, 3),
(246, 3),
(247, 3),
(248, 3),
(249, 3),
(250, 3);
INSERT INTO profesor (id_profesor, id_usuario, id_departamento, numero_empleado) VALUES
(1, 1, 2, 'EMP001'),
(2, 2, 3, 'EMP002'),
(3, 3, 1, 'EMP003'),
(4, 4, 2, 'EMP004'),
(5, 5, 3, 'EMP005'),
(6, 6, 1, 'EMP006'),
(7, 7, 2, 'EMP007'),
(8, 8, 3, 'EMP008'),
(9, 9, 1, 'EMP009'),
(10, 10, 2, 'EMP010'),
(11, 11, 3, 'EMP011'),
(12, 12, 1, 'EMP012'),
(13, 13, 2, 'EMP013'),
(14, 14, 3, 'EMP014'),
(15, 15, 1, 'EMP015'),
(16, 16, 2, 'EMP016'),
(17, 17, 3, 'EMP017'),
(18, 18, 1, 'EMP018'),
(19, 19, 2, 'EMP019'),
(20, 20, 3, 'EMP020'),
(21, 21, 1, 'EMP021'),
(22, 22, 2, 'EMP022'),
(23, 23, 3, 'EMP023'),
(24, 24, 1, 'EMP024'),
(25, 25, 2, 'EMP025'),
(26, 26, 3, 'EMP026'),
(27, 27, 1, 'EMP027'),
(28, 28, 2, 'EMP028'),
(29, 29, 3, 'EMP029'),
(30, 30, 1, 'EMP030'),
(31, 31, 2, 'EMP031'),
(32, 32, 3, 'EMP032'),
(33, 33, 1, 'EMP033'),
(34, 34, 2, 'EMP034'),
(35, 35, 3, 'EMP035'),
(36, 36, 1, 'EMP036'),
(37, 37, 2, 'EMP037'),
(38, 38, 3, 'EMP038'),
(39, 39, 1, 'EMP039'),
(40, 40, 2, 'EMP040'),
(41, 41, 3, 'EMP041'),
(42, 42, 1, 'EMP042'),
(43, 43, 2, 'EMP043'),
(44, 44, 3, 'EMP044'),
(45, 45, 1, 'EMP045'),
(46, 46, 2, 'EMP046'),
(47, 47, 3, 'EMP047'),
(48, 48, 1, 'EMP048'),
(49, 49, 2, 'EMP049'),
(50, 50, 3, 'EMP050'),
(51, 51, 1, 'EMP051'),
(52, 52, 2, 'EMP052'),
(53, 53, 3, 'EMP053'),
(54, 54, 1, 'EMP054'),
(55, 55, 2, 'EMP055'),
(56, 56, 3, 'EMP056'),
(57, 57, 1, 'EMP057'),
(58, 58, 2, 'EMP058'),
(59, 59, 3, 'EMP059'),
(60, 60, 1, 'EMP060'),
(61, 61, 2, 'EMP061'),
(62, 62, 3, 'EMP062'),
(63, 63, 1, 'EMP063'),
(64, 64, 2, 'EMP064'),
(65, 65, 3, 'EMP065'),
(66, 66, 1, 'EMP066'),
(67, 67, 2, 'EMP067'),
(68, 68, 3, 'EMP068'),
(69, 69, 1, 'EMP069'),
(70, 70, 2, 'EMP070'),
(71, 71, 3, 'EMP071'),
(72, 72, 1, 'EMP072'),
(73, 73, 2, 'EMP073'),
(74, 74, 3, 'EMP074'),
(75, 75, 1, 'EMP075'),
(76, 76, 2, 'EMP076'),
(77, 77, 3, 'EMP077'),
(78, 78, 1, 'EMP078'),
(79, 79, 2, 'EMP079'),
(80, 80, 3, 'EMP080'),
(81, 81, 1, 'EMP081'),
(82, 82, 2, 'EMP082'),
(83, 83, 3, 'EMP083'),
(84, 84, 1, 'EMP084'),
(85, 85, 2, 'EMP085'),
(86, 86, 3, 'EMP086'),
(87, 87, 1, 'EMP087'),
(88, 88, 2, 'EMP088'),
(89, 89, 3, 'EMP089'),
(90, 90, 1, 'EMP090'),
(91, 91, 2, 'EMP091'),
(92, 92, 3, 'EMP092'),
(93, 93, 1, 'EMP093'),
(94, 94, 2, 'EMP094'),
(95, 95, 3, 'EMP095'),
(96, 96, 1, 'EMP096'),
(97, 97, 2, 'EMP097'),
(98, 98, 3, 'EMP098'),
(99, 99, 1, 'EMP099'),
(100, 100, 2, 'EMP100'),
(101, 101, 3, 'EMP101'),
(102, 102, 1, 'EMP102'),
(103, 103, 2, 'EMP103'),
(104, 104, 3, 'EMP104'),
(105, 105, 1, 'EMP105'),
(106, 106, 2, 'EMP106'),
(107, 107, 3, 'EMP107'),
(108, 108, 1, 'EMP108'),
(109, 109, 2, 'EMP109'),
(110, 110, 3, 'EMP110'),
(111, 111, 1, 'EMP111'),
(112, 112, 2, 'EMP112'),
(113, 113, 3, 'EMP113'),
(114, 114, 1, 'EMP114'),
(115, 115, 2, 'EMP115'),
(116, 116, 3, 'EMP116'),
(117, 117, 1, 'EMP117'),
(118, 118, 2, 'EMP118'),
(119, 119, 3, 'EMP119'),
(120, 120, 1, 'EMP120'),
(121, 121, 2, 'EMP121'),
(122, 122, 3, 'EMP122'),
(123, 123, 1, 'EMP123'),
(124, 124, 2, 'EMP124'),
(125, 125, 3, 'EMP125'),
(126, 126, 1, 'EMP126'),
(127, 127, 2, 'EMP127'),
(128, 128, 3, 'EMP128'),
(129, 129, 1, 'EMP129'),
(130, 130, 2, 'EMP130'),
(131, 131, 3, 'EMP131'),
(132, 132, 1, 'EMP132'),
(133, 133, 2, 'EMP133'),
(134, 134, 3, 'EMP134'),
(135, 135, 1, 'EMP135'),
(136, 136, 2, 'EMP136'),
(137, 137, 3, 'EMP137'),
(138, 138, 1, 'EMP138'),
(139, 139, 2, 'EMP139'),
(140, 140, 3, 'EMP140'),
(141, 141, 1, 'EMP141'),
(142, 142, 2, 'EMP142'),
(143, 143, 3, 'EMP143'),
(144, 144, 1, 'EMP144'),
(145, 145, 2, 'EMP145'),
(146, 146, 3, 'EMP146'),
(147, 147, 1, 'EMP147'),
(148, 148, 2, 'EMP148'),
(149, 149, 3, 'EMP149'),
(150, 150, 1, 'EMP150');
INSERT INTO alumno (id_alumno, id_usuario, id_plan, boleta, semestre_actual) VALUES
(1, 151, 1, '2026630151', 2),
(2, 152, 1, '2026630152', 1),
(3, 153, 1, '2026630153', 7),
(4, 154, 1, '2026630154', 5),
(5, 155, 1, '2026630155', 5),
(6, 156, 1, '2026630156', 7),
(7, 157, 1, '2026630157', 1),
(8, 158, 1, '2026630158', 7),
(9, 159, 1, '2026630159', 1),
(10, 160, 1, '2026630160', 7),
(11, 161, 1, '2026630161', 1),
(12, 162, 1, '2026630162', 5),
(13, 163, 1, '2026630163', 2),
(14, 164, 1, '2026630164', 5),
(15, 165, 1, '2026630165', 5),
(16, 166, 1, '2026630166', 5),
(17, 167, 1, '2026630167', 3),
(18, 168, 1, '2026630168', 7),
(19, 169, 1, '2026630169', 8),
(20, 170, 1, '2026630170', 5),
(21, 171, 1, '2026630171', 4),
(22, 172, 1, '2026630172', 7),
(23, 173, 1, '2026630173', 7),
(24, 174, 1, '2026630174', 5),
(25, 175, 1, '2026630175', 6),
(26, 176, 1, '2026630176', 5),
(27, 177, 1, '2026630177', 4),
(28, 178, 1, '2026630178', 4),
(29, 179, 1, '2026630179', 8),
(30, 180, 1, '2026630180', 1),
(31, 181, 1, '2026630181', 8),
(32, 182, 1, '2026630182', 3),
(33, 183, 1, '2026630183', 7),
(34, 184, 1, '2026630184', 5),
(35, 185, 1, '2026630185', 3),
(36, 186, 1, '2026630186', 1),
(37, 187, 1, '2026630187', 3),
(38, 188, 1, '2026630188', 2),
(39, 189, 1, '2026630189', 3),
(40, 190, 1, '2026630190', 5),
(41, 191, 1, '2026630191', 5),
(42, 192, 1, '2026630192', 1),
(43, 193, 1, '2026630193', 4),
(44, 194, 1, '2026630194', 3),
(45, 195, 1, '2026630195', 2),
(46, 196, 1, '2026630196', 8),
(47, 197, 1, '2026630197', 3),
(48, 198, 1, '2026630198', 7),
(49, 199, 1, '2026630199', 6),
(50, 200, 1, '2026630200', 8),
(51, 201, 1, '2026630201', 2),
(52, 202, 1, '2026630202', 8),
(53, 203, 1, '2026630203', 7),
(54, 204, 1, '2026630204', 4),
(55, 205, 1, '2026630205', 7),
(56, 206, 1, '2026630206', 4),
(57, 207, 1, '2026630207', 2),
(58, 208, 1, '2026630208', 5),
(59, 209, 1, '2026630209', 8),
(60, 210, 1, '2026630210', 2),
(61, 211, 1, '2026630211', 3),
(62, 212, 1, '2026630212', 8),
(63, 213, 1, '2026630213', 1),
(64, 214, 1, '2026630214', 6),
(65, 215, 1, '2026630215', 7),
(66, 216, 1, '2026630216', 3),
(67, 217, 1, '2026630217', 3),
(68, 218, 1, '2026630218', 6),
(69, 219, 1, '2026630219', 4),
(70, 220, 1, '2026630220', 1),
(71, 221, 1, '2026630221', 7),
(72, 222, 1, '2026630222', 4),
(73, 223, 1, '2026630223', 1),
(74, 224, 1, '2026630224', 1),
(75, 225, 1, '2026630225', 3),
(76, 226, 1, '2026630226', 2),
(77, 227, 1, '2026630227', 3),
(78, 228, 1, '2026630228', 7),
(79, 229, 1, '2026630229', 8),
(80, 230, 1, '2026630230', 8),
(81, 231, 1, '2026630231', 7),
(82, 232, 1, '2026630232', 7),
(83, 233, 1, '2026630233', 8),
(84, 234, 1, '2026630234', 5),
(85, 235, 1, '2026630235', 8),
(86, 236, 1, '2026630236', 5),
(87, 237, 1, '2026630237', 8),
(88, 238, 1, '2026630238', 6),
(89, 239, 1, '2026630239', 2),
(90, 240, 1, '2026630240', 7),
(91, 241, 1, '2026630241', 8),
(92, 242, 1, '2026630242', 2),
(93, 243, 1, '2026630243', 2),
(94, 244, 1, '2026630244', 7),
(95, 245, 1, '2026630245', 7),
(96, 246, 1, '2026630246', 8),
(97, 247, 1, '2026630247', 1),
(98, 248, 1, '2026630248', 2),
(99, 249, 1, '2026630249', 1),
(100, 250, 1, '2026630250', 8);
INSERT INTO aula (id_aula, nombre, edificio) VALUES
(1, 'Aula 1', 'Edificio X'),
(2, 'Aula 2', 'Edificio X'),
(3, 'Aula 3', 'Edificio X'),
(4, 'Aula 4', 'Edificio X'),
(5, 'Aula 5', 'Edificio X'),
(6, 'Aula 6', 'Edificio X'),
(7, 'Aula 7', 'Edificio X'),
(8, 'Aula 8', 'Edificio X'),
(9, 'Aula 9', 'Edificio X'),
(10, 'Aula 10', 'Edificio X'),
(11, 'Aula 11', 'Edificio X'),
(12, 'Aula 12', 'Edificio X'),
(13, 'Aula 13', 'Edificio X'),
(14, 'Aula 14', 'Edificio X'),
(15, 'Aula 15', 'Edificio X'),
(16, 'Aula 16', 'Edificio X'),
(17, 'Aula 17', 'Edificio X'),
(18, 'Aula 18', 'Edificio X'),
(19, 'Aula 19', 'Edificio X'),
(20, 'Aula 20', 'Edificio X'),
(21, 'Aula 21', 'Edificio X'),
(22, 'Aula 22', 'Edificio X'),
(23, 'Aula 23', 'Edificio X'),
(24, 'Aula 24', 'Edificio X'),
(25, 'Aula 25', 'Edificio X'),
(26, 'Aula 26', 'Edificio X'),
(27, 'Aula 27', 'Edificio X'),
(28, 'Aula 28', 'Edificio X'),
(29, 'Aula 29', 'Edificio X'),
(30, 'Aula 30', 'Edificio X'),
(31, 'Aula 31', 'Edificio X'),
(32, 'Aula 32', 'Edificio X'),
(33, 'Aula 33', 'Edificio X'),
(34, 'Aula 34', 'Edificio X'),
(35, 'Aula 35', 'Edificio X'),
(36, 'Aula 36', 'Edificio X'),
(37, 'Aula 37', 'Edificio X'),
(38, 'Aula 38', 'Edificio X'),
(39, 'Aula 39', 'Edificio X'),
(40, 'Aula 40', 'Edificio X'),
(41, 'Aula 41', 'Edificio X'),
(42, 'Aula 42', 'Edificio X'),
(43, 'Aula 43', 'Edificio X'),
(44, 'Aula 44', 'Edificio X'),
(45, 'Aula 45', 'Edificio X'),
(46, 'Aula 46', 'Edificio X'),
(47, 'Aula 47', 'Edificio X'),
(48, 'Aula 48', 'Edificio X'),
(49, 'Aula 49', 'Edificio X'),
(50, 'Aula 50', 'Edificio X');
INSERT INTO grupo (id_grupo, id_periodo, id_materia, id_profesor, clave_grupo, cupo_max, cupo_actual) VALUES
(1, 8, 1, 25, '1CM1', 30, 0),
(2, 8, 1, 97, '1CV1', 30, 0),
(3, 8, 2, 27, '1CM2', 30, 0),
(4, 8, 2, 103, '1CV2', 30, 0),
(5, 8, 3, 60, '1CM3', 30, 0),
(6, 8, 3, 121, '1CV3', 30, 0),
(7, 8, 4, 1, '1CM4', 30, 0),
(8, 8, 4, 134, '1CV4', 30, 0),
(9, 8, 5, 129, '1CM5', 30, 0),
(10, 8, 5, 103, '1CV5', 30, 0),
(11, 8, 6, 24, '1CM6', 30, 0),
(12, 8, 6, 26, '1CV6', 30, 0),
(13, 8, 7, 133, '1CM7', 30, 0),
(14, 8, 7, 150, '1CV7', 30, 0),
(15, 8, 8, 121, '1CM8', 30, 0),
(16, 8, 8, 93, '1CV8', 30, 0),
(17, 8, 9, 139, '1CM9', 30, 0),
(18, 8, 9, 57, '1CV9', 30, 0),
(19, 8, 10, 99, '1CM10', 30, 0),
(20, 8, 10, 31, '1CV10', 30, 0),
(21, 8, 11, 18, '1CM11', 30, 0),
(22, 8, 11, 147, '1CV11', 30, 0),
(23, 8, 12, 3, '1CM12', 30, 0),
(24, 8, 12, 130, '1CV12', 30, 0),
(25, 8, 13, 120, '1CM13', 30, 0),
(26, 8, 13, 72, '1CV13', 30, 0),
(27, 8, 14, 39, '1CM14', 30, 0),
(28, 8, 14, 81, '1CV14', 30, 0),
(29, 8, 15, 14, '1CM15', 30, 0),
(30, 8, 15, 92, '1CV15', 30, 0),
(31, 8, 16, 49, '1CM16', 30, 0),
(32, 8, 16, 63, '1CV16', 30, 0),
(33, 8, 17, 81, '1CM17', 30, 0),
(34, 8, 17, 117, '1CV17', 30, 0),
(35, 8, 18, 29, '1CM18', 30, 0),
(36, 8, 18, 115, '1CV18', 30, 0),
(37, 8, 19, 94, '1CM19', 30, 0),
(38, 8, 19, 145, '1CV19', 30, 0),
(39, 8, 20, 57, '1CM20', 30, 0),
(40, 8, 20, 32, '1CV20', 30, 0),
(41, 8, 21, 77, '1CM21', 30, 0),
(42, 8, 21, 60, '1CV21', 30, 0),
(43, 8, 22, 136, '1CM22', 30, 0),
(44, 8, 22, 87, '1CV22', 30, 0),
(45, 8, 23, 1, '1CM23', 30, 0),
(46, 8, 23, 48, '1CV23', 30, 0),
(47, 8, 24, 45, '1CM24', 30, 0),
(48, 8, 24, 39, '1CV24', 30, 0),
(49, 8, 25, 121, '1CM25', 30, 0),
(50, 8, 25, 137, '1CV25', 30, 0),
(51, 8, 26, 104, '1CM26', 30, 0),
(52, 8, 26, 131, '1CV26', 30, 0),
(53, 8, 27, 82, '1CM27', 30, 0),
(54, 8, 27, 53, '1CV27', 30, 0),
(55, 8, 28, 34, '1CM28', 30, 0),
(56, 8, 28, 74, '1CV28', 30, 0),
(57, 8, 29, 124, '1CM29', 30, 0),
(58, 8, 29, 47, '1CV29', 30, 0),
(59, 8, 30, 97, '1CM30', 30, 0),
(60, 8, 30, 55, '1CV30', 30, 0),
(61, 8, 31, 51, '1CM31', 30, 0),
(62, 8, 31, 146, '1CV31', 30, 0),
(63, 8, 32, 79, '1CM32', 30, 0),
(64, 8, 32, 128, '1CV32', 30, 0),
(65, 8, 33, 118, '1CM33', 30, 0),
(66, 8, 33, 15, '1CV33', 30, 0),
(67, 8, 34, 17, '1CM34', 30, 0),
(68, 8, 34, 121, '1CV34', 30, 0),
(69, 8, 35, 94, '1CM35', 30, 0),
(70, 8, 35, 48, '1CV35', 30, 0),
(71, 8, 36, 32, '1CM36', 30, 0),
(72, 8, 36, 34, '1CV36', 30, 0),
(73, 8, 37, 11, '1CM37', 30, 0),
(74, 8, 37, 125, '1CV37', 30, 0),
(75, 8, 38, 106, '1CM38', 30, 0),
(76, 8, 38, 25, '1CV38', 30, 0),
(77, 8, 39, 100, '1CM39', 30, 0),
(78, 8, 39, 138, '1CV39', 30, 0),
(79, 8, 40, 128, '1CM40', 30, 0),
(80, 8, 40, 100, '1CV40', 30, 0),
(81, 8, 41, 117, '1CM41', 30, 0),
(82, 8, 41, 118, '1CV41', 30, 0),
(83, 8, 42, 115, '1CM42', 30, 0),
(84, 8, 42, 19, '1CV42', 30, 0),
(85, 8, 43, 78, '1CM43', 30, 0),
(86, 8, 43, 129, '1CV43', 30, 0),
(87, 8, 44, 58, '1CM44', 30, 0),
(88, 8, 44, 5, '1CV44', 30, 0),
(89, 8, 45, 146, '1CM45', 30, 0),
(90, 8, 45, 40, '1CV45', 30, 0),
(91, 8, 46, 73, '1CM46', 30, 0),
(92, 8, 46, 66, '1CV46', 30, 0),
(93, 8, 47, 38, '1CM47', 30, 0),
(94, 8, 47, 138, '1CV47', 30, 0),
(95, 8, 48, 139, '1CM48', 30, 0),
(96, 8, 48, 49, '1CV48', 30, 0),
(97, 8, 49, 52, '1CM49', 30, 0),
(98, 8, 49, 148, '1CV49', 30, 0),
(99, 8, 50, 38, '1CM50', 30, 0),
(100, 8, 50, 50, '1CV50', 30, 0),
(101, 8, 51, 63, '1CM51', 30, 0),
(102, 8, 51, 112, '1CV51', 30, 0),
(103, 8, 52, 48, '1CM52', 30, 0),
(104, 8, 52, 112, '1CV52', 30, 0),
(105, 8, 53, 52, '1CM53', 30, 0),
(106, 8, 53, 21, '1CV53', 30, 0),
(107, 8, 54, 39, '1CM54', 30, 0),
(108, 8, 54, 120, '1CV54', 30, 0),
(109, 8, 55, 14, '1CM55', 30, 0),
(110, 8, 55, 27, '1CV55', 30, 0),
(111, 8, 56, 80, '1CM56', 30, 0),
(112, 8, 56, 32, '1CV56', 30, 0),
(113, 8, 57, 104, '1CM57', 30, 0),
(114, 8, 57, 147, '1CV57', 30, 0),
(115, 8, 58, 137, '1CM58', 30, 0),
(116, 8, 58, 110, '1CV58', 30, 0),
(117, 8, 59, 138, '1CM59', 30, 0),
(118, 8, 59, 103, '1CV59', 30, 0),
(119, 8, 60, 28, '1CM60', 30, 0),
(120, 8, 60, 108, '1CV60', 30, 0),
(121, 8, 61, 96, '1CM61', 30, 0),
(122, 8, 61, 79, '1CV61', 30, 0),
(123, 8, 62, 39, '1CM62', 30, 0),
(124, 8, 62, 90, '1CV62', 30, 0),
(125, 8, 63, 96, '1CM63', 30, 0),
(126, 8, 63, 30, '1CV63', 30, 0),
(127, 8, 64, 11, '1CM64', 30, 0),
(128, 8, 64, 102, '1CV64', 30, 0),
(129, 8, 65, 19, '1CM65', 30, 0),
(130, 8, 65, 97, '1CV65', 30, 0),
(131, 8, 66, 31, '1CM66', 30, 0),
(132, 8, 66, 92, '1CV66', 30, 0),
(133, 8, 67, 71, '1CM67', 30, 0),
(134, 8, 67, 134, '1CV67', 30, 0),
(135, 8, 68, 95, '1CM68', 30, 0),
(136, 8, 68, 126, '1CV68', 30, 0),
(137, 8, 69, 106, '1CM69', 30, 0),
(138, 8, 69, 127, '1CV69', 30, 0),
(139, 8, 70, 126, '1CM70', 30, 0),
(140, 8, 70, 70, '1CV70', 30, 0),
(141, 8, 71, 123, '1CM71', 30, 0),
(142, 8, 71, 39, '1CV71', 30, 0),
(143, 8, 72, 150, '1CM72', 30, 0),
(144, 8, 72, 31, '1CV72', 30, 0),
(145, 8, 73, 142, '1CM73', 30, 0),
(146, 8, 73, 23, '1CV73', 30, 0),
(147, 8, 74, 129, '1CM74', 30, 0),
(148, 8, 74, 68, '1CV74', 30, 0),
(149, 8, 75, 129, '1CM75', 30, 0),
(150, 8, 75, 125, '1CV75', 30, 0),
(151, 8, 76, 36, '1CM76', 30, 0),
(152, 8, 76, 95, '1CV76', 30, 0),
(153, 8, 77, 24, '1CM77', 30, 0),
(154, 8, 77, 8, '1CV77', 30, 0),
(155, 8, 78, 76, '1CM78', 30, 0),
(156, 8, 78, 66, '1CV78', 30, 0),
(157, 8, 79, 88, '1CM79', 30, 0),
(158, 8, 79, 14, '1CV79', 30, 0),
(159, 8, 80, 27, '1CM80', 30, 0),
(160, 8, 80, 117, '1CV80', 30, 0),
(161, 8, 81, 42, '1CM81', 30, 0),
(162, 8, 81, 107, '1CV81', 30, 0),
(163, 8, 82, 137, '1CM82', 30, 0),
(164, 8, 82, 90, '1CV82', 30, 0),
(165, 8, 83, 127, '1CM83', 30, 0),
(166, 8, 83, 91, '1CV83', 30, 0),
(167, 8, 84, 48, '1CM84', 30, 0),
(168, 8, 84, 132, '1CV84', 30, 0),
(169, 8, 85, 111, '1CM85', 30, 0),
(170, 8, 85, 31, '1CV85', 30, 0),
(171, 8, 86, 50, '1CM86', 30, 0),
(172, 8, 86, 54, '1CV86', 30, 0),
(173, 8, 87, 70, '1CM87', 30, 0),
(174, 8, 87, 120, '1CV87', 30, 0);
INSERT INTO horario_grupo (id_horario_grupo, id_grupo, id_aula, dia_semana, hora_inicio, hora_fin) VALUES
(1, 1, 44, 'jueves', '10:00:00', '11:30:00'),
(2, 1, 44, 'martes', '08:30:00', '10:00:00'),
(3, 1, 5, 'lunes', '11:30:00', '13:00:00'),
(4, 2, 26, 'jueves', '19:30:00', '21:00:00'),
(5, 2, 37, 'martes', '18:00:00', '19:30:00'),
(6, 2, 42, 'viernes', '18:00:00', '19:30:00'),
(7, 3, 7, 'jueves', '08:30:00', '10:00:00'),
(8, 3, 9, 'lunes', '11:30:00', '13:00:00'),
(9, 3, 12, 'martes', '10:00:00', '11:30:00'),
(10, 4, 6, 'lunes', '16:30:00', '18:00:00'),
(11, 4, 6, 'miercoles', '18:00:00', '19:30:00'),
(12, 4, 37, 'jueves', '18:00:00', '19:30:00'),
(13, 5, 44, 'lunes', '07:00:00', '08:30:00'),
(14, 5, 11, 'martes', '10:00:00', '11:30:00'),
(15, 5, 50, 'viernes', '11:30:00', '13:00:00'),
(16, 6, 4, 'miercoles', '19:30:00', '21:00:00'),
(17, 6, 31, 'jueves', '16:30:00', '18:00:00'),
(18, 6, 42, 'lunes', '18:00:00', '19:30:00'),
(19, 7, 25, 'lunes', '08:30:00', '10:00:00'),
(20, 7, 43, 'miercoles', '10:00:00', '11:30:00'),
(21, 7, 25, 'martes', '08:30:00', '10:00:00'),
(22, 8, 43, 'martes', '16:30:00', '18:00:00'),
(23, 8, 18, 'jueves', '16:30:00', '18:00:00'),
(24, 8, 32, 'lunes', '16:30:00', '18:00:00'),
(25, 9, 23, 'martes', '11:30:00', '13:00:00'),
(26, 9, 13, 'lunes', '11:30:00', '13:00:00'),
(27, 9, 50, 'jueves', '10:00:00', '11:30:00'),
(28, 10, 41, 'martes', '18:00:00', '19:30:00'),
(29, 10, 25, 'lunes', '15:00:00', '16:30:00'),
(30, 10, 14, 'jueves', '16:30:00', '18:00:00'),
(31, 11, 4, 'jueves', '10:00:00', '11:30:00'),
(32, 11, 28, 'lunes', '07:00:00', '08:30:00'),
(33, 11, 10, 'miercoles', '08:30:00', '10:00:00'),
(34, 12, 49, 'miercoles', '19:30:00', '21:00:00'),
(35, 12, 35, 'martes', '18:00:00', '19:30:00'),
(36, 12, 33, 'viernes', '19:30:00', '21:00:00'),
(37, 13, 48, 'jueves', '08:30:00', '10:00:00'),
(38, 13, 28, 'martes', '10:00:00', '11:30:00'),
(39, 13, 21, 'viernes', '11:30:00', '13:00:00'),
(40, 14, 42, 'martes', '15:00:00', '16:30:00'),
(41, 14, 11, 'viernes', '18:00:00', '19:30:00'),
(42, 14, 31, 'lunes', '16:30:00', '18:00:00'),
(43, 15, 39, 'lunes', '08:30:00', '10:00:00'),
(44, 15, 12, 'jueves', '11:30:00', '13:00:00'),
(45, 15, 36, 'miercoles', '10:00:00', '11:30:00'),
(46, 16, 45, 'martes', '19:30:00', '21:00:00'),
(47, 16, 34, 'jueves', '19:30:00', '21:00:00'),
(48, 16, 11, 'miercoles', '16:30:00', '18:00:00'),
(49, 17, 8, 'jueves', '08:30:00', '10:00:00'),
(50, 17, 3, 'lunes', '08:30:00', '10:00:00'),
(51, 17, 44, 'martes', '11:30:00', '13:00:00'),
(52, 18, 8, 'miercoles', '15:00:00', '16:30:00'),
(53, 18, 8, 'viernes', '19:30:00', '21:00:00'),
(54, 18, 3, 'martes', '19:30:00', '21:00:00'),
(55, 19, 24, 'miercoles', '10:00:00', '11:30:00'),
(56, 19, 4, 'martes', '08:30:00', '10:00:00'),
(57, 19, 31, 'jueves', '08:30:00', '10:00:00'),
(58, 20, 34, 'miercoles', '16:30:00', '18:00:00'),
(59, 20, 23, 'viernes', '18:00:00', '19:30:00'),
(60, 20, 7, 'jueves', '16:30:00', '18:00:00'),
(61, 21, 2, 'viernes', '07:00:00', '08:30:00'),
(62, 21, 39, 'jueves', '11:30:00', '13:00:00'),
(63, 21, 29, 'lunes', '11:30:00', '13:00:00'),
(64, 22, 18, 'jueves', '19:30:00', '21:00:00'),
(65, 22, 44, 'miercoles', '19:30:00', '21:00:00'),
(66, 22, 19, 'martes', '18:00:00', '19:30:00'),
(67, 23, 34, 'martes', '08:30:00', '10:00:00'),
(68, 23, 47, 'miercoles', '08:30:00', '10:00:00'),
(69, 23, 10, 'viernes', '07:00:00', '08:30:00'),
(70, 24, 13, 'lunes', '15:00:00', '16:30:00'),
(71, 24, 6, 'viernes', '19:30:00', '21:00:00'),
(72, 24, 23, 'jueves', '16:30:00', '18:00:00'),
(73, 25, 32, 'lunes', '08:30:00', '10:00:00'),
(74, 25, 46, 'viernes', '07:00:00', '08:30:00'),
(75, 25, 6, 'miercoles', '11:30:00', '13:00:00'),
(76, 26, 28, 'lunes', '16:30:00', '18:00:00'),
(77, 26, 31, 'viernes', '16:30:00', '18:00:00'),
(78, 26, 23, 'martes', '19:30:00', '21:00:00'),
(79, 27, 45, 'jueves', '07:00:00', '08:30:00'),
(80, 27, 24, 'lunes', '08:30:00', '10:00:00'),
(81, 27, 31, 'miercoles', '10:00:00', '11:30:00'),
(82, 28, 32, 'miercoles', '19:30:00', '21:00:00'),
(83, 28, 19, 'jueves', '18:00:00', '19:30:00'),
(84, 28, 18, 'viernes', '16:30:00', '18:00:00'),
(85, 29, 31, 'lunes', '07:00:00', '08:30:00'),
(86, 29, 7, 'jueves', '11:30:00', '13:00:00'),
(87, 29, 9, 'viernes', '10:00:00', '11:30:00'),
(88, 30, 48, 'lunes', '19:30:00', '21:00:00'),
(89, 30, 8, 'jueves', '19:30:00', '21:00:00'),
(90, 30, 31, 'miercoles', '19:30:00', '21:00:00'),
(91, 31, 39, 'martes', '08:30:00', '10:00:00'),
(92, 31, 34, 'miercoles', '08:30:00', '10:00:00'),
(93, 31, 4, 'lunes', '11:30:00', '13:00:00'),
(94, 32, 50, 'viernes', '19:30:00', '21:00:00'),
(95, 32, 12, 'jueves', '18:00:00', '19:30:00'),
(96, 32, 42, 'miercoles', '15:00:00', '16:30:00'),
(97, 33, 18, 'miercoles', '10:00:00', '11:30:00'),
(98, 33, 44, 'lunes', '11:30:00', '13:00:00'),
(99, 33, 38, 'jueves', '10:00:00', '11:30:00'),
(100, 34, 27, 'lunes', '19:30:00', '21:00:00'),
(101, 34, 5, 'jueves', '15:00:00', '16:30:00'),
(102, 34, 17, 'martes', '16:30:00', '18:00:00'),
(103, 35, 23, 'viernes', '07:00:00', '08:30:00'),
(104, 35, 30, 'martes', '10:00:00', '11:30:00'),
(105, 35, 36, 'lunes', '11:30:00', '13:00:00'),
(106, 36, 35, 'martes', '16:30:00', '18:00:00'),
(107, 36, 17, 'jueves', '15:00:00', '16:30:00'),
(108, 36, 38, 'lunes', '18:00:00', '19:30:00'),
(109, 37, 4, 'martes', '10:00:00', '11:30:00'),
(110, 37, 3, 'jueves', '07:00:00', '08:30:00'),
(111, 37, 8, 'miercoles', '07:00:00', '08:30:00'),
(112, 38, 48, 'miercoles', '15:00:00', '16:30:00'),
(113, 38, 28, 'martes', '16:30:00', '18:00:00'),
(114, 38, 47, 'lunes', '19:30:00', '21:00:00'),
(115, 39, 7, 'martes', '11:30:00', '13:00:00'),
(116, 39, 41, 'lunes', '07:00:00', '08:30:00'),
(117, 39, 24, 'viernes', '11:30:00', '13:00:00'),
(118, 40, 23, 'jueves', '19:30:00', '21:00:00'),
(119, 40, 33, 'miercoles', '19:30:00', '21:00:00'),
(120, 40, 18, 'martes', '16:30:00', '18:00:00'),
(121, 41, 1, 'lunes', '08:30:00', '10:00:00'),
(122, 41, 27, 'miercoles', '11:30:00', '13:00:00'),
(123, 41, 49, 'jueves', '08:30:00', '10:00:00'),
(124, 42, 30, 'miercoles', '16:30:00', '18:00:00'),
(125, 42, 34, 'lunes', '18:00:00', '19:30:00'),
(126, 42, 17, 'viernes', '15:00:00', '16:30:00'),
(127, 43, 45, 'miercoles', '11:30:00', '13:00:00'),
(128, 43, 41, 'martes', '11:30:00', '13:00:00'),
(129, 43, 43, 'jueves', '11:30:00', '13:00:00'),
(130, 44, 19, 'viernes', '18:00:00', '19:30:00'),
(131, 44, 32, 'lunes', '15:00:00', '16:30:00'),
(132, 44, 34, 'martes', '16:30:00', '18:00:00'),
(133, 45, 42, 'miercoles', '08:30:00', '10:00:00'),
(134, 45, 5, 'jueves', '10:00:00', '11:30:00'),
(135, 45, 2, 'martes', '07:00:00', '08:30:00'),
(136, 46, 33, 'martes', '15:00:00', '16:30:00'),
(137, 46, 11, 'viernes', '19:30:00', '21:00:00'),
(138, 46, 26, 'miercoles', '18:00:00', '19:30:00'),
(139, 47, 18, 'lunes', '08:30:00', '10:00:00'),
(140, 47, 34, 'miercoles', '11:30:00', '13:00:00'),
(141, 47, 36, 'jueves', '10:00:00', '11:30:00'),
(142, 48, 47, 'viernes', '15:00:00', '16:30:00'),
(143, 48, 7, 'martes', '15:00:00', '16:30:00'),
(144, 48, 37, 'lunes', '19:30:00', '21:00:00'),
(145, 49, 25, 'jueves', '10:00:00', '11:30:00'),
(146, 49, 15, 'viernes', '11:30:00', '13:00:00'),
(147, 49, 35, 'lunes', '07:00:00', '08:30:00'),
(148, 50, 17, 'jueves', '16:30:00', '18:00:00'),
(149, 50, 30, 'martes', '15:00:00', '16:30:00'),
(150, 50, 3, 'viernes', '15:00:00', '16:30:00'),
(151, 51, 30, 'miercoles', '10:00:00', '11:30:00'),
(152, 51, 38, 'martes', '11:30:00', '13:00:00'),
(153, 51, 14, 'viernes', '07:00:00', '08:30:00'),
(154, 52, 7, 'lunes', '18:00:00', '19:30:00'),
(155, 52, 48, 'jueves', '19:30:00', '21:00:00'),
(156, 52, 21, 'viernes', '18:00:00', '19:30:00'),
(157, 53, 34, 'martes', '10:00:00', '11:30:00'),
(158, 53, 37, 'viernes', '07:00:00', '08:30:00'),
(159, 53, 28, 'lunes', '11:30:00', '13:00:00'),
(160, 54, 1, 'martes', '15:00:00', '16:30:00'),
(161, 54, 19, 'viernes', '16:30:00', '18:00:00'),
(162, 54, 19, 'jueves', '19:30:00', '21:00:00'),
(163, 55, 5, 'miercoles', '08:30:00', '10:00:00'),
(164, 55, 37, 'lunes', '10:00:00', '11:30:00'),
(165, 55, 5, 'viernes', '08:30:00', '10:00:00'),
(166, 56, 2, 'viernes', '16:30:00', '18:00:00'),
(167, 56, 39, 'jueves', '15:00:00', '16:30:00'),
(168, 56, 41, 'miercoles', '15:00:00', '16:30:00'),
(169, 57, 32, 'jueves', '11:30:00', '13:00:00'),
(170, 57, 31, 'viernes', '10:00:00', '11:30:00'),
(171, 57, 50, 'lunes', '11:30:00', '13:00:00'),
(172, 58, 13, 'miercoles', '18:00:00', '19:30:00'),
(173, 58, 29, 'martes', '15:00:00', '16:30:00'),
(174, 58, 2, 'jueves', '19:30:00', '21:00:00'),
(175, 59, 44, 'jueves', '11:30:00', '13:00:00'),
(176, 59, 44, 'miercoles', '11:30:00', '13:00:00'),
(177, 59, 5, 'lunes', '08:30:00', '10:00:00'),
(178, 60, 5, 'jueves', '19:30:00', '21:00:00'),
(179, 60, 16, 'lunes', '18:00:00', '19:30:00'),
(180, 60, 30, 'miercoles', '18:00:00', '19:30:00'),
(181, 61, 26, 'miercoles', '10:00:00', '11:30:00'),
(182, 61, 7, 'martes', '08:30:00', '10:00:00'),
(183, 61, 18, 'lunes', '10:00:00', '11:30:00'),
(184, 62, 36, 'jueves', '19:30:00', '21:00:00'),
(185, 62, 24, 'lunes', '16:30:00', '18:00:00'),
(186, 62, 16, 'miercoles', '18:00:00', '19:30:00'),
(187, 63, 47, 'viernes', '10:00:00', '11:30:00'),
(188, 63, 16, 'lunes', '07:00:00', '08:30:00'),
(189, 63, 4, 'miercoles', '10:00:00', '11:30:00'),
(190, 64, 22, 'miercoles', '15:00:00', '16:30:00'),
(191, 64, 45, 'martes', '18:00:00', '19:30:00'),
(192, 64, 6, 'viernes', '15:00:00', '16:30:00'),
(193, 65, 48, 'viernes', '08:30:00', '10:00:00'),
(194, 65, 9, 'jueves', '08:30:00', '10:00:00'),
(195, 65, 30, 'miercoles', '11:30:00', '13:00:00'),
(196, 66, 1, 'viernes', '15:00:00', '16:30:00'),
(197, 66, 21, 'jueves', '19:30:00', '21:00:00'),
(198, 66, 7, 'miercoles', '18:00:00', '19:30:00'),
(199, 67, 23, 'lunes', '07:00:00', '08:30:00'),
(200, 67, 14, 'martes', '08:30:00', '10:00:00'),
(201, 67, 34, 'viernes', '11:30:00', '13:00:00'),
(202, 68, 21, 'viernes', '15:00:00', '16:30:00'),
(203, 68, 25, 'miercoles', '15:00:00', '16:30:00'),
(204, 68, 36, 'jueves', '18:00:00', '19:30:00'),
(205, 69, 33, 'viernes', '08:30:00', '10:00:00'),
(206, 69, 26, 'lunes', '08:30:00', '10:00:00'),
(207, 69, 14, 'martes', '07:00:00', '08:30:00'),
(208, 70, 25, 'jueves', '18:00:00', '19:30:00'),
(209, 70, 5, 'viernes', '18:00:00', '19:30:00'),
(210, 70, 13, 'lunes', '18:00:00', '19:30:00'),
(211, 71, 21, 'miercoles', '10:00:00', '11:30:00'),
(212, 71, 40, 'martes', '07:00:00', '08:30:00'),
(213, 71, 42, 'lunes', '10:00:00', '11:30:00'),
(214, 72, 41, 'miercoles', '18:00:00', '19:30:00'),
(215, 72, 47, 'jueves', '19:30:00', '21:00:00'),
(216, 72, 21, 'lunes', '15:00:00', '16:30:00'),
(217, 73, 28, 'miercoles', '10:00:00', '11:30:00'),
(218, 73, 17, 'jueves', '11:30:00', '13:00:00'),
(219, 73, 16, 'viernes', '07:00:00', '08:30:00'),
(220, 74, 27, 'viernes', '19:30:00', '21:00:00'),
(221, 74, 46, 'jueves', '15:00:00', '16:30:00'),
(222, 74, 23, 'lunes', '18:00:00', '19:30:00'),
(223, 75, 49, 'viernes', '07:00:00', '08:30:00'),
(224, 75, 15, 'lunes', '08:30:00', '10:00:00'),
(225, 75, 37, 'jueves', '07:00:00', '08:30:00'),
(226, 76, 30, 'jueves', '15:00:00', '16:30:00'),
(227, 76, 40, 'lunes', '16:30:00', '18:00:00'),
(228, 76, 42, 'martes', '19:30:00', '21:00:00'),
(229, 77, 25, 'viernes', '10:00:00', '11:30:00'),
(230, 77, 24, 'lunes', '10:00:00', '11:30:00'),
(231, 77, 46, 'miercoles', '11:30:00', '13:00:00'),
(232, 78, 13, 'jueves', '18:00:00', '19:30:00'),
(233, 78, 3, 'miercoles', '19:30:00', '21:00:00'),
(234, 78, 21, 'lunes', '18:00:00', '19:30:00'),
(235, 79, 46, 'jueves', '10:00:00', '11:30:00'),
(236, 79, 22, 'lunes', '07:00:00', '08:30:00'),
(237, 79, 29, 'viernes', '10:00:00', '11:30:00'),
(238, 80, 23, 'jueves', '15:00:00', '16:30:00'),
(239, 80, 17, 'miercoles', '15:00:00', '16:30:00'),
(240, 80, 49, 'viernes', '19:30:00', '21:00:00'),
(241, 81, 14, 'miercoles', '07:00:00', '08:30:00'),
(242, 81, 29, 'lunes', '08:30:00', '10:00:00'),
(243, 81, 47, 'martes', '10:00:00', '11:30:00'),
(244, 82, 32, 'viernes', '19:30:00', '21:00:00'),
(245, 82, 45, 'miercoles', '18:00:00', '19:30:00'),
(246, 82, 32, 'martes', '18:00:00', '19:30:00'),
(247, 83, 8, 'lunes', '08:30:00', '10:00:00'),
(248, 83, 5, 'viernes', '11:30:00', '13:00:00'),
(249, 83, 37, 'martes', '07:00:00', '08:30:00'),
(250, 84, 8, 'lunes', '15:00:00', '16:30:00'),
(251, 84, 48, 'viernes', '16:30:00', '18:00:00'),
(252, 84, 44, 'miercoles', '15:00:00', '16:30:00'),
(253, 85, 29, 'jueves', '10:00:00', '11:30:00'),
(254, 85, 26, 'miercoles', '08:30:00', '10:00:00'),
(255, 85, 33, 'martes', '10:00:00', '11:30:00'),
(256, 86, 45, 'lunes', '19:30:00', '21:00:00'),
(257, 86, 32, 'jueves', '15:00:00', '16:30:00'),
(258, 86, 6, 'miercoles', '16:30:00', '18:00:00'),
(259, 87, 39, 'lunes', '11:30:00', '13:00:00'),
(260, 87, 7, 'miercoles', '10:00:00', '11:30:00'),
(261, 87, 10, 'jueves', '11:30:00', '13:00:00'),
(262, 88, 15, 'lunes', '15:00:00', '16:30:00'),
(263, 88, 18, 'viernes', '18:00:00', '19:30:00'),
(264, 88, 8, 'jueves', '16:30:00', '18:00:00'),
(265, 89, 20, 'jueves', '11:30:00', '13:00:00'),
(266, 89, 19, 'miercoles', '11:30:00', '13:00:00'),
(267, 89, 44, 'viernes', '08:30:00', '10:00:00'),
(268, 90, 38, 'viernes', '16:30:00', '18:00:00'),
(269, 90, 23, 'miercoles', '16:30:00', '18:00:00'),
(270, 90, 13, 'martes', '15:00:00', '16:30:00'),
(271, 91, 16, 'martes', '08:30:00', '10:00:00'),
(272, 91, 4, 'viernes', '08:30:00', '10:00:00'),
(273, 91, 35, 'jueves', '07:00:00', '08:30:00'),
(274, 92, 39, 'martes', '19:30:00', '21:00:00'),
(275, 92, 15, 'viernes', '19:30:00', '21:00:00'),
(276, 92, 40, 'miercoles', '19:30:00', '21:00:00'),
(277, 93, 24, 'viernes', '08:30:00', '10:00:00'),
(278, 93, 28, 'jueves', '10:00:00', '11:30:00'),
(279, 93, 11, 'lunes', '07:00:00', '08:30:00'),
(280, 94, 33, 'miercoles', '15:00:00', '16:30:00'),
(281, 94, 36, 'viernes', '15:00:00', '16:30:00'),
(282, 94, 19, 'jueves', '15:00:00', '16:30:00'),
(283, 95, 40, 'miercoles', '11:30:00', '13:00:00'),
(284, 95, 21, 'viernes', '08:30:00', '10:00:00'),
(285, 95, 15, 'martes', '10:00:00', '11:30:00'),
(286, 96, 9, 'jueves', '18:00:00', '19:30:00'),
(287, 96, 25, 'miercoles', '19:30:00', '21:00:00'),
(288, 96, 30, 'lunes', '19:30:00', '21:00:00'),
(289, 97, 48, 'lunes', '08:30:00', '10:00:00'),
(290, 97, 8, 'martes', '07:00:00', '08:30:00'),
(291, 97, 14, 'jueves', '10:00:00', '11:30:00'),
(292, 98, 50, 'miercoles', '18:00:00', '19:30:00'),
(293, 98, 21, 'viernes', '16:30:00', '18:00:00'),
(294, 98, 9, 'martes', '16:30:00', '18:00:00'),
(295, 99, 38, 'miercoles', '07:00:00', '08:30:00'),
(296, 99, 46, 'jueves', '07:00:00', '08:30:00'),
(297, 99, 6, 'lunes', '08:30:00', '10:00:00'),
(298, 100, 13, 'martes', '16:30:00', '18:00:00'),
(299, 100, 31, 'miercoles', '16:30:00', '18:00:00'),
(300, 100, 18, 'viernes', '19:30:00', '21:00:00'),
(301, 101, 39, 'lunes', '07:00:00', '08:30:00'),
(302, 101, 27, 'viernes', '08:30:00', '10:00:00'),
(303, 101, 6, 'martes', '11:30:00', '13:00:00'),
(304, 102, 20, 'miercoles', '15:00:00', '16:30:00'),
(305, 102, 21, 'martes', '19:30:00', '21:00:00'),
(306, 102, 48, 'jueves', '18:00:00', '19:30:00'),
(307, 103, 20, 'martes', '07:00:00', '08:30:00'),
(308, 103, 12, 'viernes', '11:30:00', '13:00:00'),
(309, 103, 41, 'miercoles', '10:00:00', '11:30:00'),
(310, 104, 11, 'jueves', '16:30:00', '18:00:00'),
(311, 104, 13, 'lunes', '19:30:00', '21:00:00'),
(312, 104, 49, 'miercoles', '18:00:00', '19:30:00'),
(313, 105, 32, 'lunes', '07:00:00', '08:30:00'),
(314, 105, 16, 'viernes', '11:30:00', '13:00:00'),
(315, 105, 45, 'martes', '10:00:00', '11:30:00'),
(316, 106, 3, 'martes', '18:00:00', '19:30:00'),
(317, 106, 5, 'viernes', '16:30:00', '18:00:00'),
(318, 106, 28, 'miercoles', '15:00:00', '16:30:00'),
(319, 107, 20, 'jueves', '10:00:00', '11:30:00'),
(320, 107, 32, 'viernes', '10:00:00', '11:30:00'),
(321, 107, 17, 'lunes', '11:30:00', '13:00:00'),
(322, 108, 47, 'jueves', '18:00:00', '19:30:00'),
(323, 108, 14, 'martes', '16:30:00', '18:00:00'),
(324, 108, 7, 'viernes', '19:30:00', '21:00:00'),
(325, 109, 38, 'jueves', '08:30:00', '10:00:00'),
(326, 109, 27, 'lunes', '10:00:00', '11:30:00'),
(327, 109, 25, 'viernes', '08:30:00', '10:00:00'),
(328, 110, 4, 'viernes', '18:00:00', '19:30:00'),
(329, 110, 37, 'miercoles', '16:30:00', '18:00:00'),
(330, 110, 6, 'martes', '19:30:00', '21:00:00'),
(331, 111, 22, 'martes', '11:30:00', '13:00:00'),
(332, 111, 38, 'miercoles', '11:30:00', '13:00:00'),
(333, 111, 15, 'viernes', '10:00:00', '11:30:00'),
(334, 112, 19, 'jueves', '16:30:00', '18:00:00'),
(335, 112, 47, 'lunes', '16:30:00', '18:00:00'),
(336, 112, 9, 'viernes', '16:30:00', '18:00:00'),
(337, 113, 49, 'viernes', '08:30:00', '10:00:00'),
(338, 113, 18, 'jueves', '10:00:00', '11:30:00'),
(339, 113, 5, 'martes', '10:00:00', '11:30:00'),
(340, 114, 12, 'miercoles', '16:30:00', '18:00:00'),
(341, 114, 24, 'martes', '19:30:00', '21:00:00'),
(342, 114, 50, 'lunes', '16:30:00', '18:00:00'),
(343, 115, 3, 'martes', '10:00:00', '11:30:00'),
(344, 115, 10, 'viernes', '10:00:00', '11:30:00'),
(345, 115, 48, 'jueves', '10:00:00', '11:30:00'),
(346, 116, 12, 'viernes', '18:00:00', '19:30:00'),
(347, 116, 18, 'lunes', '15:00:00', '16:30:00'),
(348, 116, 18, 'martes', '15:00:00', '16:30:00'),
(349, 117, 27, 'lunes', '11:30:00', '13:00:00'),
(350, 117, 46, 'martes', '08:30:00', '10:00:00'),
(351, 117, 14, 'miercoles', '11:30:00', '13:00:00'),
(352, 118, 26, 'martes', '19:30:00', '21:00:00'),
(353, 118, 34, 'lunes', '19:30:00', '21:00:00'),
(354, 118, 48, 'jueves', '15:00:00', '16:30:00'),
(355, 119, 35, 'viernes', '10:00:00', '11:30:00'),
(356, 119, 27, 'miercoles', '08:30:00', '10:00:00'),
(357, 119, 40, 'martes', '10:00:00', '11:30:00'),
(358, 120, 35, 'jueves', '18:00:00', '19:30:00'),
(359, 120, 28, 'miercoles', '18:00:00', '19:30:00'),
(360, 120, 36, 'martes', '16:30:00', '18:00:00'),
(361, 121, 28, 'jueves', '08:30:00', '10:00:00'),
(362, 121, 6, 'martes', '08:30:00', '10:00:00'),
(363, 121, 42, 'miercoles', '07:00:00', '08:30:00'),
(364, 122, 46, 'miercoles', '19:30:00', '21:00:00'),
(365, 122, 8, 'lunes', '18:00:00', '19:30:00'),
(366, 122, 29, 'viernes', '16:30:00', '18:00:00'),
(367, 123, 35, 'jueves', '11:30:00', '13:00:00'),
(368, 123, 23, 'miercoles', '07:00:00', '08:30:00'),
(369, 123, 18, 'viernes', '07:00:00', '08:30:00'),
(370, 124, 35, 'miercoles', '19:30:00', '21:00:00'),
(371, 124, 2, 'jueves', '16:30:00', '18:00:00'),
(372, 124, 8, 'viernes', '15:00:00', '16:30:00'),
(373, 125, 49, 'viernes', '11:30:00', '13:00:00'),
(374, 125, 4, 'miercoles', '08:30:00', '10:00:00'),
(375, 125, 35, 'jueves', '10:00:00', '11:30:00'),
(376, 126, 9, 'lunes', '19:30:00', '21:00:00'),
(377, 126, 37, 'viernes', '15:00:00', '16:30:00'),
(378, 126, 12, 'jueves', '16:30:00', '18:00:00'),
(379, 127, 15, 'lunes', '11:30:00', '13:00:00'),
(380, 127, 36, 'miercoles', '08:30:00', '10:00:00'),
(381, 127, 12, 'jueves', '07:00:00', '08:30:00'),
(382, 128, 5, 'lunes', '15:00:00', '16:30:00'),
(383, 128, 29, 'martes', '16:30:00', '18:00:00'),
(384, 128, 34, 'miercoles', '19:30:00', '21:00:00'),
(385, 129, 49, 'martes', '07:00:00', '08:30:00'),
(386, 129, 41, 'lunes', '08:30:00', '10:00:00'),
(387, 129, 23, 'jueves', '08:30:00', '10:00:00'),
(388, 130, 32, 'miercoles', '15:00:00', '16:30:00'),
(389, 130, 4, 'martes', '16:30:00', '18:00:00'),
(390, 130, 19, 'lunes', '18:00:00', '19:30:00'),
(391, 131, 3, 'viernes', '08:30:00', '10:00:00'),
(392, 131, 7, 'miercoles', '11:30:00', '13:00:00'),
(393, 131, 25, 'martes', '07:00:00', '08:30:00'),
(394, 132, 2, 'martes', '15:00:00', '16:30:00'),
(395, 132, 22, 'miercoles', '18:00:00', '19:30:00'),
(396, 132, 49, 'jueves', '16:30:00', '18:00:00'),
(397, 133, 16, 'viernes', '10:00:00', '11:30:00'),
(398, 133, 9, 'miercoles', '11:30:00', '13:00:00'),
(399, 133, 16, 'martes', '07:00:00', '08:30:00'),
(400, 134, 5, 'miercoles', '16:30:00', '18:00:00'),
(401, 134, 23, 'martes', '15:00:00', '16:30:00'),
(402, 134, 39, 'jueves', '19:30:00', '21:00:00'),
(403, 135, 8, 'martes', '10:00:00', '11:30:00'),
(404, 135, 30, 'viernes', '10:00:00', '11:30:00'),
(405, 135, 9, 'miercoles', '10:00:00', '11:30:00'),
(406, 136, 20, 'viernes', '16:30:00', '18:00:00'),
(407, 136, 14, 'jueves', '18:00:00', '19:30:00'),
(408, 136, 3, 'martes', '16:30:00', '18:00:00'),
(409, 137, 20, 'viernes', '08:30:00', '10:00:00'),
(410, 137, 36, 'martes', '07:00:00', '08:30:00'),
(411, 137, 14, 'jueves', '08:30:00', '10:00:00'),
(412, 138, 25, 'viernes', '19:30:00', '21:00:00'),
(413, 138, 42, 'jueves', '19:30:00', '21:00:00'),
(414, 138, 9, 'miercoles', '19:30:00', '21:00:00'),
(415, 139, 34, 'jueves', '08:30:00', '10:00:00'),
(416, 139, 41, 'martes', '07:00:00', '08:30:00'),
(417, 139, 39, 'viernes', '11:30:00', '13:00:00'),
(418, 140, 13, 'viernes', '19:30:00', '21:00:00'),
(419, 140, 27, 'jueves', '19:30:00', '21:00:00'),
(420, 140, 11, 'lunes', '16:30:00', '18:00:00'),
(421, 141, 19, 'viernes', '10:00:00', '11:30:00'),
(422, 141, 37, 'martes', '10:00:00', '11:30:00'),
(423, 141, 12, 'miercoles', '08:30:00', '10:00:00'),
(424, 142, 6, 'lunes', '15:00:00', '16:30:00'),
(425, 142, 3, 'miercoles', '15:00:00', '16:30:00'),
(426, 142, 15, 'jueves', '15:00:00', '16:30:00'),
(427, 143, 26, 'martes', '10:00:00', '11:30:00'),
(428, 143, 40, 'lunes', '08:30:00', '10:00:00'),
(429, 143, 12, 'miercoles', '07:00:00', '08:30:00'),
(430, 144, 27, 'miercoles', '15:00:00', '16:30:00'),
(431, 144, 42, 'jueves', '18:00:00', '19:30:00'),
(432, 144, 15, 'martes', '16:30:00', '18:00:00'),
(433, 145, 8, 'miercoles', '10:00:00', '11:30:00'),
(434, 145, 45, 'lunes', '07:00:00', '08:30:00'),
(435, 145, 18, 'martes', '08:30:00', '10:00:00'),
(436, 146, 9, 'jueves', '19:30:00', '21:00:00'),
(437, 146, 43, 'viernes', '16:30:00', '18:00:00'),
(438, 146, 37, 'lunes', '15:00:00', '16:30:00'),
(439, 147, 28, 'jueves', '11:30:00', '13:00:00'),
(440, 147, 6, 'viernes', '08:30:00', '10:00:00'),
(441, 147, 7, 'lunes', '07:00:00', '08:30:00'),
(442, 148, 38, 'jueves', '19:30:00', '21:00:00'),
(443, 148, 21, 'martes', '15:00:00', '16:30:00'),
(444, 148, 9, 'lunes', '16:30:00', '18:00:00'),
(445, 149, 6, 'jueves', '07:00:00', '08:30:00'),
(446, 149, 38, 'viernes', '10:00:00', '11:30:00'),
(447, 149, 10, 'martes', '10:00:00', '11:30:00'),
(448, 150, 30, 'jueves', '19:30:00', '21:00:00'),
(449, 150, 28, 'lunes', '19:30:00', '21:00:00'),
(450, 150, 2, 'martes', '16:30:00', '18:00:00'),
(451, 151, 14, 'miercoles', '08:30:00', '10:00:00'),
(452, 151, 11, 'lunes', '08:30:00', '10:00:00'),
(453, 151, 10, 'jueves', '08:30:00', '10:00:00'),
(454, 152, 29, 'viernes', '19:30:00', '21:00:00'),
(455, 152, 32, 'lunes', '18:00:00', '19:30:00'),
(456, 152, 17, 'jueves', '18:00:00', '19:30:00'),
(457, 153, 34, 'viernes', '10:00:00', '11:30:00'),
(458, 153, 33, 'miercoles', '11:30:00', '13:00:00'),
(459, 153, 17, 'martes', '07:00:00', '08:30:00'),
(460, 154, 45, 'viernes', '19:30:00', '21:00:00'),
(461, 154, 10, 'martes', '19:30:00', '21:00:00'),
(462, 154, 3, 'miercoles', '18:00:00', '19:30:00'),
(463, 155, 1, 'lunes', '11:30:00', '13:00:00'),
(464, 155, 50, 'viernes', '10:00:00', '11:30:00'),
(465, 155, 11, 'martes', '07:00:00', '08:30:00'),
(466, 156, 12, 'viernes', '16:30:00', '18:00:00'),
(467, 156, 48, 'jueves', '16:30:00', '18:00:00'),
(468, 156, 29, 'lunes', '19:30:00', '21:00:00'),
(469, 157, 27, 'miercoles', '07:00:00', '08:30:00'),
(470, 157, 21, 'jueves', '10:00:00', '11:30:00'),
(471, 157, 45, 'lunes', '11:30:00', '13:00:00'),
(472, 158, 11, 'viernes', '16:30:00', '18:00:00'),
(473, 158, 29, 'jueves', '16:30:00', '18:00:00'),
(474, 158, 12, 'miercoles', '18:00:00', '19:30:00'),
(475, 159, 5, 'miercoles', '10:00:00', '11:30:00'),
(476, 159, 47, 'viernes', '11:30:00', '13:00:00'),
(477, 159, 33, 'martes', '07:00:00', '08:30:00'),
(478, 160, 22, 'lunes', '15:00:00', '16:30:00'),
(479, 160, 8, 'martes', '15:00:00', '16:30:00'),
(480, 160, 36, 'jueves', '16:30:00', '18:00:00'),
(481, 161, 28, 'viernes', '10:00:00', '11:30:00'),
(482, 161, 40, 'miercoles', '08:30:00', '10:00:00'),
(483, 161, 42, 'martes', '07:00:00', '08:30:00'),
(484, 162, 17, 'jueves', '19:30:00', '21:00:00'),
(485, 162, 31, 'viernes', '15:00:00', '16:30:00'),
(486, 162, 7, 'miercoles', '16:30:00', '18:00:00'),
(487, 163, 39, 'jueves', '08:30:00', '10:00:00'),
(488, 163, 32, 'martes', '11:30:00', '13:00:00'),
(489, 163, 25, 'lunes', '10:00:00', '11:30:00'),
(490, 164, 13, 'martes', '18:00:00', '19:30:00'),
(491, 164, 17, 'viernes', '18:00:00', '19:30:00'),
(492, 164, 47, 'miercoles', '15:00:00', '16:30:00'),
(493, 165, 29, 'miercoles', '11:30:00', '13:00:00'),
(494, 165, 8, 'viernes', '10:00:00', '11:30:00'),
(495, 165, 31, 'martes', '11:30:00', '13:00:00'),
(496, 166, 35, 'miercoles', '16:30:00', '18:00:00'),
(497, 166, 27, 'viernes', '16:30:00', '18:00:00'),
(498, 166, 39, 'lunes', '16:30:00', '18:00:00'),
(499, 167, 9, 'viernes', '08:30:00', '10:00:00'),
(500, 167, 35, 'martes', '11:30:00', '13:00:00'),
(501, 167, 1, 'miercoles', '11:30:00', '13:00:00'),
(502, 168, 37, 'viernes', '18:00:00', '19:30:00'),
(503, 168, 5, 'martes', '16:30:00', '18:00:00'),
(504, 168, 35, 'lunes', '15:00:00', '16:30:00'),
(505, 169, 20, 'jueves', '08:30:00', '10:00:00'),
(506, 169, 49, 'martes', '10:00:00', '11:30:00'),
(507, 169, 50, 'lunes', '08:30:00', '10:00:00'),
(508, 170, 42, 'lunes', '19:30:00', '21:00:00'),
(509, 170, 21, 'miercoles', '19:30:00', '21:00:00'),
(510, 170, 47, 'viernes', '16:30:00', '18:00:00'),
(511, 171, 7, 'martes', '10:00:00', '11:30:00'),
(512, 171, 17, 'miercoles', '11:30:00', '13:00:00'),
(513, 171, 1, 'lunes', '07:00:00', '08:30:00'),
(514, 172, 44, 'martes', '19:30:00', '21:00:00'),
(515, 172, 29, 'miercoles', '16:30:00', '18:00:00'),
(516, 172, 49, 'viernes', '16:30:00', '18:00:00'),
(517, 173, 47, 'miercoles', '07:00:00', '08:30:00'),
(518, 173, 46, 'viernes', '10:00:00', '11:30:00'),
(519, 173, 36, 'jueves', '07:00:00', '08:30:00'),
(520, 174, 14, 'viernes', '16:30:00', '18:00:00'),
(521, 174, 7, 'jueves', '19:30:00', '21:00:00'),
(522, 174, 34, 'lunes', '15:00:00', '16:30:00');
INSERT INTO historial_academico (id_alumno, id_materia, id_periodo, calificacion_final, resultado) VALUES
(1, 1, 7, 7.51, 'aprobado'),
(1, 54, 7, 7.61, 'aprobado'),
(1, 55, 7, 6.41, 'aprobado'),
(1, 62, 7, 8.88, 'aprobado'),
(1, 63, 7, 9.7, 'aprobado'),
(1, 76, 7, 9.04, 'aprobado'),
(3, 1, 2, 8.82, 'aprobado'),
(3, 54, 2, 8.31, 'aprobado'),
(3, 55, 2, 9.2, 'aprobado'),
(3, 62, 2, 8.4, 'aprobado'),
(3, 63, 2, 6.88, 'aprobado'),
(3, 76, 2, 7.05, 'aprobado'),
(3, 2, 3, 7.14, 'aprobado'),
(3, 3, 3, 7.88, 'aprobado'),
(3, 53, 3, 7.41, 'aprobado'),
(3, 57, 3, 7.31, 'aprobado'),
(3, 61, 3, 7.92, 'aprobado'),
(3, 4, 4, 9.79, 'aprobado'),
(3, 56, 4, 9.29, 'aprobado'),
(3, 59, 4, 9.73, 'aprobado'),
(3, 5, 5, 6.36, 'aprobado'),
(3, 60, 5, 6.6, 'aprobado'),
(3, 6, 6, 6.61, 'aprobado'),
(3, 18, 6, 9.74, 'aprobado'),
(3, 20, 6, 7.39, 'aprobado'),
(3, 7, 7, 9.26, 'aprobado'),
(3, 19, 7, 6.41, 'aprobado'),
(3, 77, 7, 8.94, 'aprobado'),
(3, 31, 7, 9.39, 'aprobado'),
(4, 1, 4, 6.8, 'aprobado'),
(4, 54, 4, 6.32, 'aprobado'),
(4, 55, 4, 8.47, 'aprobado'),
(4, 62, 4, 9.99, 'aprobado'),
(4, 63, 4, 9.33, 'aprobado'),
(4, 76, 4, 6.32, 'aprobado'),
(4, 2, 5, 8.56, 'aprobado'),
(4, 3, 5, 8.15, 'aprobado'),
(4, 53, 5, 8.49, 'aprobado'),
(4, 57, 5, 6.79, 'aprobado'),
(4, 61, 5, 7.04, 'aprobado'),
(4, 4, 6, 7.06, 'aprobado'),
(4, 56, 6, 7.74, 'aprobado'),
(4, 59, 6, 7.56, 'aprobado'),
(4, 5, 7, 7.82, 'aprobado'),
(4, 60, 7, 9.15, 'aprobado'),
(5, 1, 4, 9.13, 'aprobado'),
(5, 54, 4, 6.85, 'aprobado'),
(5, 55, 4, 9.17, 'aprobado'),
(5, 62, 4, 8.18, 'aprobado'),
(5, 63, 4, 9.84, 'aprobado'),
(5, 76, 4, 9.41, 'aprobado'),
(5, 2, 5, 9.4, 'aprobado'),
(5, 3, 5, 7.3, 'aprobado'),
(5, 53, 5, 6.9, 'aprobado'),
(5, 57, 5, 6.81, 'aprobado'),
(5, 61, 5, 7.88, 'aprobado'),
(5, 4, 6, 9.31, 'aprobado'),
(5, 56, 6, 8.79, 'aprobado'),
(5, 59, 6, 7.84, 'aprobado'),
(5, 5, 7, 7.66, 'aprobado'),
(5, 60, 7, 7.15, 'aprobado'),
(6, 1, 2, 7.46, 'aprobado'),
(6, 54, 2, 6.25, 'aprobado'),
(6, 55, 2, 7.28, 'aprobado'),
(6, 62, 2, 9.19, 'aprobado'),
(6, 63, 2, 6.22, 'aprobado'),
(6, 76, 2, 8.08, 'aprobado'),
(6, 2, 3, 8.7, 'aprobado'),
(6, 3, 3, 6.27, 'aprobado'),
(6, 53, 3, 9.78, 'aprobado'),
(6, 57, 3, 7.39, 'aprobado'),
(6, 61, 3, 6.9, 'aprobado'),
(6, 4, 4, 7.79, 'aprobado'),
(6, 56, 4, 9.25, 'aprobado'),
(6, 59, 4, 9.15, 'aprobado'),
(6, 5, 5, 6.99, 'aprobado'),
(6, 60, 5, 8.43, 'aprobado'),
(6, 6, 6, 6.34, 'aprobado'),
(6, 18, 6, 7.35, 'aprobado'),
(6, 20, 6, 7.16, 'aprobado'),
(6, 7, 7, 8.27, 'aprobado'),
(6, 19, 7, 6.34, 'aprobado'),
(6, 77, 7, 7.42, 'aprobado'),
(6, 31, 7, 8.56, 'aprobado'),
(8, 1, 2, 8.01, 'aprobado'),
(8, 54, 2, 9.98, 'aprobado'),
(8, 55, 2, 6.59, 'aprobado'),
(8, 62, 2, 9.57, 'aprobado'),
(8, 63, 2, 8.71, 'aprobado'),
(8, 76, 2, 7.28, 'aprobado'),
(8, 2, 3, 9.26, 'aprobado'),
(8, 3, 3, 9.62, 'aprobado'),
(8, 53, 3, 8.96, 'aprobado'),
(8, 57, 3, 7.96, 'aprobado'),
(8, 61, 3, 9.4, 'aprobado'),
(8, 4, 4, 7.69, 'aprobado'),
(8, 56, 4, 8.3, 'aprobado'),
(8, 59, 4, 7.84, 'aprobado'),
(8, 5, 5, 7.86, 'aprobado'),
(8, 60, 5, 8.44, 'aprobado'),
(8, 6, 6, 6.62, 'aprobado'),
(8, 18, 6, 6.42, 'aprobado'),
(8, 20, 6, 6.1, 'aprobado'),
(8, 7, 7, 6.37, 'aprobado'),
(8, 19, 7, 8.47, 'aprobado'),
(8, 77, 7, 9.55, 'aprobado'),
(8, 31, 7, 8.69, 'aprobado'),
(10, 1, 2, 8.87, 'aprobado'),
(10, 54, 2, 8.71, 'aprobado'),
(10, 55, 2, 7.08, 'aprobado'),
(10, 62, 2, 6.06, 'aprobado'),
(10, 63, 2, 9.38, 'aprobado'),
(10, 76, 2, 7.54, 'aprobado'),
(10, 2, 3, 9.1, 'aprobado'),
(10, 3, 3, 6.59, 'aprobado'),
(10, 53, 3, 6.31, 'aprobado'),
(10, 57, 3, 9.46, 'aprobado'),
(10, 61, 3, 6.47, 'aprobado'),
(10, 4, 4, 9.5, 'aprobado'),
(10, 56, 4, 7.26, 'aprobado'),
(10, 59, 4, 7.21, 'aprobado'),
(10, 5, 5, 7.69, 'aprobado'),
(10, 60, 5, 7.43, 'aprobado'),
(10, 6, 6, 8.8, 'aprobado'),
(10, 18, 6, 6.55, 'aprobado'),
(10, 20, 6, 6.99, 'aprobado'),
(10, 7, 7, 6.17, 'aprobado'),
(10, 19, 7, 9.58, 'aprobado'),
(10, 77, 7, 8.99, 'aprobado'),
(10, 31, 7, 8.35, 'aprobado'),
(12, 1, 4, 7.19, 'aprobado'),
(12, 54, 4, 7.22, 'aprobado'),
(12, 55, 4, 8.5, 'aprobado'),
(12, 62, 4, 6.89, 'aprobado'),
(12, 63, 4, 10.0, 'aprobado'),
(12, 76, 4, 8.54, 'aprobado'),
(12, 2, 5, 7.42, 'aprobado'),
(12, 3, 5, 7.19, 'aprobado'),
(12, 53, 5, 6.93, 'aprobado'),
(12, 57, 5, 6.54, 'aprobado'),
(12, 61, 5, 9.89, 'aprobado'),
(12, 4, 6, 9.49, 'aprobado'),
(12, 56, 6, 9.89, 'aprobado'),
(12, 59, 6, 6.98, 'aprobado'),
(12, 5, 7, 7.78, 'aprobado'),
(12, 60, 7, 8.3, 'aprobado'),
(13, 1, 7, 6.94, 'aprobado'),
(13, 54, 7, 9.31, 'aprobado'),
(13, 55, 7, 9.9, 'aprobado'),
(13, 62, 7, 8.17, 'aprobado'),
(13, 63, 7, 9.87, 'aprobado'),
(13, 76, 7, 8.72, 'aprobado'),
(14, 1, 4, 6.26, 'aprobado'),
(14, 54, 4, 6.62, 'aprobado'),
(14, 55, 4, 8.02, 'aprobado'),
(14, 62, 4, 7.76, 'aprobado'),
(14, 63, 4, 8.65, 'aprobado'),
(14, 76, 4, 6.54, 'aprobado'),
(14, 2, 5, 6.96, 'aprobado'),
(14, 3, 5, 8.65, 'aprobado'),
(14, 53, 5, 6.22, 'aprobado'),
(14, 57, 5, 9.32, 'aprobado'),
(14, 61, 5, 6.59, 'aprobado'),
(14, 4, 6, 8.69, 'aprobado'),
(14, 56, 6, 6.31, 'aprobado'),
(14, 59, 6, 9.56, 'aprobado'),
(14, 5, 7, 8.74, 'aprobado'),
(14, 60, 7, 6.61, 'aprobado'),
(15, 1, 4, 9.74, 'aprobado'),
(15, 54, 4, 8.95, 'aprobado'),
(15, 55, 4, 9.56, 'aprobado'),
(15, 62, 4, 6.92, 'aprobado'),
(15, 63, 4, 8.64, 'aprobado'),
(15, 76, 4, 9.98, 'aprobado'),
(15, 2, 5, 7.6, 'aprobado'),
(15, 3, 5, 7.48, 'aprobado'),
(15, 53, 5, 7.72, 'aprobado'),
(15, 57, 5, 9.2, 'aprobado'),
(15, 61, 5, 7.96, 'aprobado'),
(15, 4, 6, 7.41, 'aprobado'),
(15, 56, 6, 8.48, 'aprobado'),
(15, 59, 6, 9.74, 'aprobado'),
(15, 5, 7, 9.29, 'aprobado'),
(15, 60, 7, 9.02, 'aprobado'),
(16, 1, 4, 9.75, 'aprobado'),
(16, 54, 4, 7.71, 'aprobado'),
(16, 55, 4, 7.44, 'aprobado'),
(16, 62, 4, 7.47, 'aprobado'),
(16, 63, 4, 8.85, 'aprobado'),
(16, 76, 4, 9.83, 'aprobado'),
(16, 2, 5, 9.71, 'aprobado'),
(16, 3, 5, 7.03, 'aprobado'),
(16, 53, 5, 7.6, 'aprobado'),
(16, 57, 5, 8.24, 'aprobado'),
(16, 61, 5, 8.11, 'aprobado'),
(16, 4, 6, 7.79, 'aprobado'),
(16, 56, 6, 7.66, 'aprobado'),
(16, 59, 6, 8.28, 'aprobado'),
(16, 5, 7, 9.43, 'aprobado'),
(16, 60, 7, 8.18, 'aprobado'),
(17, 1, 6, 7.47, 'aprobado'),
(17, 54, 6, 7.72, 'aprobado'),
(17, 55, 6, 6.15, 'aprobado'),
(17, 62, 6, 8.58, 'aprobado'),
(17, 63, 6, 6.94, 'aprobado'),
(17, 76, 6, 9.6, 'aprobado'),
(17, 2, 7, 7.09, 'aprobado'),
(17, 3, 7, 9.75, 'aprobado'),
(17, 53, 7, 8.55, 'aprobado'),
(17, 57, 7, 9.34, 'aprobado'),
(17, 61, 7, 9.56, 'aprobado'),
(18, 1, 2, 8.68, 'aprobado'),
(18, 54, 2, 9.87, 'aprobado'),
(18, 55, 2, 8.09, 'aprobado'),
(18, 62, 2, 7.49, 'aprobado'),
(18, 63, 2, 6.21, 'aprobado'),
(18, 76, 2, 8.17, 'aprobado'),
(18, 2, 3, 9.22, 'aprobado'),
(18, 3, 3, 7.72, 'aprobado'),
(18, 53, 3, 8.6, 'aprobado'),
(18, 57, 3, 6.63, 'aprobado'),
(18, 61, 3, 9.14, 'aprobado'),
(18, 4, 4, 7.85, 'aprobado'),
(18, 56, 4, 9.18, 'aprobado'),
(18, 59, 4, 7.36, 'aprobado'),
(18, 5, 5, 6.4, 'aprobado'),
(18, 60, 5, 6.73, 'aprobado'),
(18, 6, 6, 8.88, 'aprobado'),
(18, 18, 6, 9.86, 'aprobado'),
(18, 20, 6, 6.63, 'aprobado'),
(18, 7, 7, 8.37, 'aprobado'),
(18, 19, 7, 6.88, 'aprobado'),
(18, 77, 7, 7.44, 'aprobado'),
(18, 31, 7, 9.8, 'aprobado'),
(19, 1, 1, 9.47, 'aprobado'),
(19, 54, 1, 7.25, 'aprobado'),
(19, 55, 1, 7.09, 'aprobado'),
(19, 62, 1, 7.16, 'aprobado'),
(19, 63, 1, 9.57, 'aprobado'),
(19, 76, 1, 9.06, 'aprobado'),
(19, 2, 2, 6.4, 'aprobado'),
(19, 3, 2, 6.38, 'aprobado'),
(19, 53, 2, 8.96, 'aprobado'),
(19, 57, 2, 6.47, 'aprobado'),
(19, 61, 2, 9.3, 'aprobado'),
(19, 4, 3, 7.47, 'aprobado'),
(19, 56, 3, 6.56, 'aprobado'),
(19, 59, 3, 9.54, 'aprobado'),
(19, 5, 4, 8.08, 'aprobado'),
(19, 60, 4, 7.46, 'aprobado'),
(19, 6, 5, 8.14, 'aprobado'),
(19, 18, 5, 8.19, 'aprobado'),
(19, 20, 5, 7.91, 'aprobado'),
(19, 7, 6, 9.37, 'aprobado'),
(19, 19, 6, 7.85, 'aprobado'),
(19, 77, 6, 6.16, 'aprobado'),
(19, 31, 6, 8.19, 'aprobado'),
(19, 8, 7, 9.05, 'aprobado'),
(19, 10, 7, 8.73, 'aprobado'),
(19, 12, 7, 8.28, 'aprobado'),
(19, 15, 7, 6.11, 'aprobado'),
(20, 1, 4, 6.11, 'aprobado'),
(20, 54, 4, 7.82, 'aprobado'),
(20, 55, 4, 8.49, 'aprobado'),
(20, 62, 4, 7.94, 'aprobado'),
(20, 63, 4, 9.8, 'aprobado'),
(20, 76, 4, 7.79, 'aprobado'),
(20, 2, 5, 6.49, 'aprobado'),
(20, 3, 5, 6.91, 'aprobado'),
(20, 53, 5, 9.21, 'aprobado'),
(20, 57, 5, 7.18, 'aprobado'),
(20, 61, 5, 7.99, 'aprobado'),
(20, 4, 6, 8.15, 'aprobado'),
(20, 56, 6, 6.06, 'aprobado'),
(20, 59, 6, 9.31, 'aprobado'),
(20, 5, 7, 7.69, 'aprobado'),
(20, 60, 7, 9.89, 'aprobado'),
(21, 1, 5, 6.12, 'aprobado'),
(21, 54, 5, 7.98, 'aprobado'),
(21, 55, 5, 7.74, 'aprobado'),
(21, 62, 5, 8.78, 'aprobado'),
(21, 63, 5, 7.86, 'aprobado'),
(21, 76, 5, 8.56, 'aprobado'),
(21, 2, 6, 8.48, 'aprobado'),
(21, 3, 6, 7.52, 'aprobado'),
(21, 53, 6, 7.14, 'aprobado'),
(21, 57, 6, 6.46, 'aprobado'),
(21, 61, 6, 9.87, 'aprobado'),
(21, 4, 7, 9.15, 'aprobado'),
(21, 56, 7, 8.43, 'aprobado'),
(21, 59, 7, 6.01, 'aprobado'),
(22, 1, 2, 8.19, 'aprobado'),
(22, 54, 2, 6.74, 'aprobado'),
(22, 55, 2, 7.98, 'aprobado'),
(22, 62, 2, 6.88, 'aprobado'),
(22, 63, 2, 8.46, 'aprobado'),
(22, 76, 2, 8.4, 'aprobado'),
(22, 2, 3, 9.97, 'aprobado'),
(22, 3, 3, 6.83, 'aprobado'),
(22, 53, 3, 6.65, 'aprobado'),
(22, 57, 3, 7.99, 'aprobado'),
(22, 61, 3, 9.41, 'aprobado'),
(22, 4, 4, 8.04, 'aprobado'),
(22, 56, 4, 7.95, 'aprobado'),
(22, 59, 4, 7.31, 'aprobado'),
(22, 5, 5, 6.68, 'aprobado'),
(22, 60, 5, 8.41, 'aprobado'),
(22, 6, 6, 8.92, 'aprobado'),
(22, 18, 6, 8.7, 'aprobado'),
(22, 20, 6, 8.25, 'aprobado'),
(22, 7, 7, 6.31, 'aprobado'),
(22, 19, 7, 6.92, 'aprobado'),
(22, 77, 7, 6.1, 'aprobado'),
(22, 31, 7, 6.67, 'aprobado'),
(23, 1, 2, 7.14, 'aprobado'),
(23, 54, 2, 9.08, 'aprobado'),
(23, 55, 2, 6.49, 'aprobado'),
(23, 62, 2, 8.02, 'aprobado'),
(23, 63, 2, 9.82, 'aprobado'),
(23, 76, 2, 9.26, 'aprobado'),
(23, 2, 3, 7.26, 'aprobado'),
(23, 3, 3, 8.7, 'aprobado'),
(23, 53, 3, 7.62, 'aprobado'),
(23, 57, 3, 9.02, 'aprobado'),
(23, 61, 3, 9.21, 'aprobado'),
(23, 4, 4, 8.43, 'aprobado'),
(23, 56, 4, 6.56, 'aprobado'),
(23, 59, 4, 9.79, 'aprobado'),
(23, 5, 5, 7.85, 'aprobado'),
(23, 60, 5, 7.45, 'aprobado'),
(23, 6, 6, 6.38, 'aprobado'),
(23, 18, 6, 8.17, 'aprobado'),
(23, 20, 6, 9.4, 'aprobado'),
(23, 7, 7, 9.12, 'aprobado'),
(23, 19, 7, 7.69, 'aprobado'),
(23, 77, 7, 6.29, 'aprobado'),
(23, 31, 7, 9.0, 'aprobado'),
(24, 1, 4, 6.7, 'aprobado'),
(24, 54, 4, 8.57, 'aprobado'),
(24, 55, 4, 7.98, 'aprobado'),
(24, 62, 4, 8.66, 'aprobado'),
(24, 63, 4, 8.57, 'aprobado'),
(24, 76, 4, 7.04, 'aprobado'),
(24, 2, 5, 8.32, 'aprobado'),
(24, 3, 5, 9.43, 'aprobado'),
(24, 53, 5, 6.68, 'aprobado'),
(24, 57, 5, 6.24, 'aprobado'),
(24, 61, 5, 9.84, 'aprobado'),
(24, 4, 6, 9.31, 'aprobado'),
(24, 56, 6, 7.29, 'aprobado'),
(24, 59, 6, 7.99, 'aprobado'),
(24, 5, 7, 7.01, 'aprobado'),
(24, 60, 7, 6.02, 'aprobado'),
(25, 1, 3, 9.95, 'aprobado'),
(25, 54, 3, 9.83, 'aprobado'),
(25, 55, 3, 7.86, 'aprobado'),
(25, 62, 3, 6.71, 'aprobado'),
(25, 63, 3, 6.89, 'aprobado'),
(25, 76, 3, 8.81, 'aprobado'),
(25, 2, 4, 7.3, 'aprobado'),
(25, 3, 4, 8.78, 'aprobado'),
(25, 53, 4, 9.48, 'aprobado'),
(25, 57, 4, 6.18, 'aprobado'),
(25, 61, 4, 8.73, 'aprobado'),
(25, 4, 5, 9.66, 'aprobado'),
(25, 56, 5, 8.22, 'aprobado'),
(25, 59, 5, 7.0, 'aprobado'),
(25, 5, 6, 6.87, 'aprobado'),
(25, 60, 6, 8.37, 'aprobado'),
(25, 6, 7, 9.41, 'aprobado'),
(25, 18, 7, 7.38, 'aprobado'),
(25, 20, 7, 7.34, 'aprobado'),
(26, 1, 4, 9.61, 'aprobado'),
(26, 54, 4, 8.66, 'aprobado'),
(26, 55, 4, 8.5, 'aprobado'),
(26, 62, 4, 8.79, 'aprobado'),
(26, 63, 4, 6.03, 'aprobado'),
(26, 76, 4, 7.47, 'aprobado'),
(26, 2, 5, 7.28, 'aprobado'),
(26, 3, 5, 7.63, 'aprobado'),
(26, 53, 5, 6.07, 'aprobado'),
(26, 57, 5, 7.95, 'aprobado'),
(26, 61, 5, 9.59, 'aprobado'),
(26, 4, 6, 9.2, 'aprobado'),
(26, 56, 6, 7.03, 'aprobado'),
(26, 59, 6, 7.67, 'aprobado'),
(26, 5, 7, 6.25, 'aprobado'),
(26, 60, 7, 6.02, 'aprobado'),
(27, 1, 5, 7.97, 'aprobado'),
(27, 54, 5, 7.41, 'aprobado'),
(27, 55, 5, 8.67, 'aprobado'),
(27, 62, 5, 8.66, 'aprobado'),
(27, 63, 5, 9.78, 'aprobado'),
(27, 76, 5, 6.4, 'aprobado'),
(27, 2, 6, 9.38, 'aprobado'),
(27, 3, 6, 8.8, 'aprobado'),
(27, 53, 6, 6.69, 'aprobado'),
(27, 57, 6, 7.25, 'aprobado'),
(27, 61, 6, 6.39, 'aprobado'),
(27, 4, 7, 7.8, 'aprobado'),
(27, 56, 7, 7.82, 'aprobado'),
(27, 59, 7, 8.41, 'aprobado'),
(28, 1, 5, 8.01, 'aprobado'),
(28, 54, 5, 6.69, 'aprobado'),
(28, 55, 5, 9.82, 'aprobado'),
(28, 62, 5, 6.08, 'aprobado'),
(28, 63, 5, 7.69, 'aprobado'),
(28, 76, 5, 9.04, 'aprobado'),
(28, 2, 6, 7.92, 'aprobado'),
(28, 3, 6, 7.02, 'aprobado'),
(28, 53, 6, 6.96, 'aprobado'),
(28, 57, 6, 6.44, 'aprobado'),
(28, 61, 6, 9.49, 'aprobado'),
(28, 4, 7, 8.09, 'aprobado'),
(28, 56, 7, 9.58, 'aprobado'),
(28, 59, 7, 8.9, 'aprobado'),
(29, 1, 1, 6.58, 'aprobado'),
(29, 54, 1, 8.58, 'aprobado'),
(29, 55, 1, 9.84, 'aprobado'),
(29, 62, 1, 9.06, 'aprobado'),
(29, 63, 1, 9.43, 'aprobado'),
(29, 76, 1, 6.13, 'aprobado'),
(29, 2, 2, 8.61, 'aprobado'),
(29, 3, 2, 6.19, 'aprobado'),
(29, 53, 2, 9.29, 'aprobado'),
(29, 57, 2, 7.32, 'aprobado'),
(29, 61, 2, 6.82, 'aprobado'),
(29, 4, 3, 8.03, 'aprobado'),
(29, 56, 3, 6.72, 'aprobado'),
(29, 59, 3, 8.26, 'aprobado'),
(29, 5, 4, 7.43, 'aprobado'),
(29, 60, 4, 8.0, 'aprobado'),
(29, 6, 5, 6.61, 'aprobado'),
(29, 18, 5, 7.82, 'aprobado'),
(29, 20, 5, 6.08, 'aprobado'),
(29, 7, 6, 8.5, 'aprobado'),
(29, 19, 6, 6.55, 'aprobado'),
(29, 77, 6, 6.98, 'aprobado'),
(29, 31, 6, 9.78, 'aprobado'),
(29, 8, 7, 8.45, 'aprobado'),
(29, 10, 7, 6.4, 'aprobado'),
(29, 12, 7, 9.49, 'aprobado'),
(29, 15, 7, 7.42, 'aprobado'),
(31, 1, 1, 6.92, 'aprobado'),
(31, 54, 1, 9.93, 'aprobado'),
(31, 55, 1, 6.45, 'aprobado'),
(31, 62, 1, 8.19, 'aprobado'),
(31, 63, 1, 9.43, 'aprobado'),
(31, 76, 1, 8.3, 'aprobado'),
(31, 2, 2, 7.53, 'aprobado'),
(31, 3, 2, 8.94, 'aprobado'),
(31, 53, 2, 6.63, 'aprobado'),
(31, 57, 2, 6.38, 'aprobado'),
(31, 61, 2, 8.41, 'aprobado'),
(31, 4, 3, 7.76, 'aprobado'),
(31, 56, 3, 9.68, 'aprobado'),
(31, 59, 3, 6.52, 'aprobado'),
(31, 5, 4, 6.17, 'aprobado'),
(31, 60, 4, 7.32, 'aprobado'),
(31, 6, 5, 8.11, 'aprobado'),
(31, 18, 5, 6.71, 'aprobado'),
(31, 20, 5, 9.22, 'aprobado'),
(31, 7, 6, 9.39, 'aprobado'),
(31, 19, 6, 7.99, 'aprobado'),
(31, 77, 6, 6.24, 'aprobado'),
(31, 31, 6, 7.75, 'aprobado'),
(31, 8, 7, 8.92, 'aprobado'),
(31, 10, 7, 9.7, 'aprobado'),
(31, 12, 7, 9.29, 'aprobado'),
(31, 15, 7, 9.29, 'aprobado'),
(32, 1, 6, 6.41, 'aprobado'),
(32, 54, 6, 7.58, 'aprobado'),
(32, 55, 6, 8.76, 'aprobado'),
(32, 62, 6, 6.18, 'aprobado'),
(32, 63, 6, 7.38, 'aprobado'),
(32, 76, 6, 6.33, 'aprobado'),
(32, 2, 7, 9.13, 'aprobado'),
(32, 3, 7, 8.42, 'aprobado'),
(32, 53, 7, 7.41, 'aprobado'),
(32, 57, 7, 7.53, 'aprobado'),
(32, 61, 7, 8.17, 'aprobado'),
(33, 1, 2, 6.88, 'aprobado'),
(33, 54, 2, 8.35, 'aprobado'),
(33, 55, 2, 6.71, 'aprobado'),
(33, 62, 2, 9.83, 'aprobado'),
(33, 63, 2, 8.67, 'aprobado'),
(33, 76, 2, 8.44, 'aprobado'),
(33, 2, 3, 9.2, 'aprobado'),
(33, 3, 3, 9.1, 'aprobado'),
(33, 53, 3, 7.92, 'aprobado'),
(33, 57, 3, 9.85, 'aprobado'),
(33, 61, 3, 6.89, 'aprobado'),
(33, 4, 4, 6.84, 'aprobado'),
(33, 56, 4, 9.86, 'aprobado'),
(33, 59, 4, 7.93, 'aprobado'),
(33, 5, 5, 7.73, 'aprobado'),
(33, 60, 5, 9.54, 'aprobado'),
(33, 6, 6, 9.26, 'aprobado'),
(33, 18, 6, 9.37, 'aprobado'),
(33, 20, 6, 8.2, 'aprobado'),
(33, 7, 7, 9.71, 'aprobado'),
(33, 19, 7, 9.74, 'aprobado'),
(33, 77, 7, 9.44, 'aprobado'),
(33, 31, 7, 7.07, 'aprobado'),
(34, 1, 4, 8.05, 'aprobado'),
(34, 54, 4, 9.09, 'aprobado'),
(34, 55, 4, 9.26, 'aprobado'),
(34, 62, 4, 6.22, 'aprobado'),
(34, 63, 4, 7.33, 'aprobado'),
(34, 76, 4, 9.97, 'aprobado'),
(34, 2, 5, 6.0, 'aprobado'),
(34, 3, 5, 6.18, 'aprobado'),
(34, 53, 5, 9.06, 'aprobado'),
(34, 57, 5, 8.53, 'aprobado'),
(34, 61, 5, 9.47, 'aprobado'),
(34, 4, 6, 6.57, 'aprobado'),
(34, 56, 6, 9.49, 'aprobado'),
(34, 59, 6, 7.12, 'aprobado'),
(34, 5, 7, 9.25, 'aprobado'),
(34, 60, 7, 7.41, 'aprobado'),
(35, 1, 6, 8.47, 'aprobado'),
(35, 54, 6, 6.37, 'aprobado'),
(35, 55, 6, 9.07, 'aprobado'),
(35, 62, 6, 9.55, 'aprobado'),
(35, 63, 6, 7.57, 'aprobado'),
(35, 76, 6, 6.64, 'aprobado'),
(35, 2, 7, 7.12, 'aprobado'),
(35, 3, 7, 7.42, 'aprobado'),
(35, 53, 7, 8.08, 'aprobado'),
(35, 57, 7, 8.81, 'aprobado'),
(35, 61, 7, 8.6, 'aprobado'),
(37, 1, 6, 7.58, 'aprobado'),
(37, 54, 6, 6.69, 'aprobado'),
(37, 55, 6, 6.36, 'aprobado'),
(37, 62, 6, 6.84, 'aprobado'),
(37, 63, 6, 6.86, 'aprobado'),
(37, 76, 6, 7.78, 'aprobado'),
(37, 2, 7, 7.08, 'aprobado'),
(37, 3, 7, 9.77, 'aprobado'),
(37, 53, 7, 8.42, 'aprobado'),
(37, 57, 7, 7.46, 'aprobado'),
(37, 61, 7, 7.36, 'aprobado'),
(38, 1, 7, 8.31, 'aprobado'),
(38, 54, 7, 9.76, 'aprobado'),
(38, 55, 7, 9.16, 'aprobado'),
(38, 62, 7, 7.26, 'aprobado'),
(38, 63, 7, 8.03, 'aprobado'),
(38, 76, 7, 9.76, 'aprobado'),
(39, 1, 6, 8.18, 'aprobado'),
(39, 54, 6, 6.17, 'aprobado'),
(39, 55, 6, 6.79, 'aprobado'),
(39, 62, 6, 9.75, 'aprobado'),
(39, 63, 6, 6.04, 'aprobado'),
(39, 76, 6, 8.11, 'aprobado'),
(39, 2, 7, 7.86, 'aprobado'),
(39, 3, 7, 9.05, 'aprobado'),
(39, 53, 7, 6.53, 'aprobado'),
(39, 57, 7, 9.29, 'aprobado'),
(39, 61, 7, 8.4, 'aprobado'),
(40, 1, 4, 9.37, 'aprobado'),
(40, 54, 4, 9.53, 'aprobado'),
(40, 55, 4, 9.56, 'aprobado'),
(40, 62, 4, 6.78, 'aprobado'),
(40, 63, 4, 9.29, 'aprobado'),
(40, 76, 4, 7.54, 'aprobado'),
(40, 2, 5, 8.51, 'aprobado'),
(40, 3, 5, 6.43, 'aprobado'),
(40, 53, 5, 6.1, 'aprobado'),
(40, 57, 5, 7.61, 'aprobado'),
(40, 61, 5, 7.51, 'aprobado'),
(40, 4, 6, 7.46, 'aprobado'),
(40, 56, 6, 7.28, 'aprobado'),
(40, 59, 6, 6.03, 'aprobado'),
(40, 5, 7, 6.15, 'aprobado'),
(40, 60, 7, 9.28, 'aprobado'),
(41, 1, 4, 8.47, 'aprobado'),
(41, 54, 4, 8.61, 'aprobado'),
(41, 55, 4, 8.24, 'aprobado'),
(41, 62, 4, 9.88, 'aprobado'),
(41, 63, 4, 9.45, 'aprobado'),
(41, 76, 4, 8.84, 'aprobado'),
(41, 2, 5, 9.9, 'aprobado'),
(41, 3, 5, 6.33, 'aprobado'),
(41, 53, 5, 7.51, 'aprobado'),
(41, 57, 5, 8.23, 'aprobado'),
(41, 61, 5, 7.06, 'aprobado'),
(41, 4, 6, 8.09, 'aprobado'),
(41, 56, 6, 9.84, 'aprobado'),
(41, 59, 6, 7.33, 'aprobado'),
(41, 5, 7, 7.82, 'aprobado'),
(41, 60, 7, 8.23, 'aprobado'),
(43, 1, 5, 9.05, 'aprobado'),
(43, 54, 5, 6.26, 'aprobado'),
(43, 55, 5, 9.24, 'aprobado'),
(43, 62, 5, 9.71, 'aprobado'),
(43, 63, 5, 8.82, 'aprobado'),
(43, 76, 5, 9.81, 'aprobado'),
(43, 2, 6, 6.07, 'aprobado'),
(43, 3, 6, 9.65, 'aprobado'),
(43, 53, 6, 9.54, 'aprobado'),
(43, 57, 6, 9.3, 'aprobado'),
(43, 61, 6, 8.51, 'aprobado'),
(43, 4, 7, 8.58, 'aprobado'),
(43, 56, 7, 7.39, 'aprobado'),
(43, 59, 7, 7.96, 'aprobado'),
(44, 1, 6, 9.39, 'aprobado'),
(44, 54, 6, 9.28, 'aprobado'),
(44, 55, 6, 6.48, 'aprobado'),
(44, 62, 6, 8.75, 'aprobado'),
(44, 63, 6, 6.1, 'aprobado'),
(44, 76, 6, 7.84, 'aprobado'),
(44, 2, 7, 7.59, 'aprobado'),
(44, 3, 7, 8.65, 'aprobado'),
(44, 53, 7, 7.71, 'aprobado'),
(44, 57, 7, 8.6, 'aprobado'),
(44, 61, 7, 6.73, 'aprobado'),
(45, 1, 7, 7.73, 'aprobado'),
(45, 54, 7, 9.24, 'aprobado'),
(45, 55, 7, 8.69, 'aprobado'),
(45, 62, 7, 7.99, 'aprobado'),
(45, 63, 7, 7.67, 'aprobado'),
(45, 76, 7, 9.35, 'aprobado'),
(46, 1, 1, 6.44, 'aprobado'),
(46, 54, 1, 8.87, 'aprobado'),
(46, 55, 1, 7.77, 'aprobado'),
(46, 62, 1, 7.81, 'aprobado'),
(46, 63, 1, 6.57, 'aprobado'),
(46, 76, 1, 9.41, 'aprobado'),
(46, 2, 2, 9.45, 'aprobado'),
(46, 3, 2, 9.23, 'aprobado'),
(46, 53, 2, 8.51, 'aprobado'),
(46, 57, 2, 7.39, 'aprobado'),
(46, 61, 2, 8.47, 'aprobado'),
(46, 4, 3, 9.88, 'aprobado'),
(46, 56, 3, 9.1, 'aprobado'),
(46, 59, 3, 9.74, 'aprobado'),
(46, 5, 4, 8.98, 'aprobado'),
(46, 60, 4, 9.16, 'aprobado'),
(46, 6, 5, 8.25, 'aprobado'),
(46, 18, 5, 9.88, 'aprobado'),
(46, 20, 5, 8.94, 'aprobado'),
(46, 7, 6, 8.01, 'aprobado'),
(46, 19, 6, 8.18, 'aprobado'),
(46, 77, 6, 8.62, 'aprobado'),
(46, 31, 6, 7.73, 'aprobado'),
(46, 8, 7, 7.8, 'aprobado'),
(46, 10, 7, 7.79, 'aprobado'),
(46, 12, 7, 6.35, 'aprobado'),
(46, 15, 7, 6.45, 'aprobado'),
(47, 1, 6, 9.17, 'aprobado'),
(47, 54, 6, 9.91, 'aprobado'),
(47, 55, 6, 9.65, 'aprobado'),
(47, 62, 6, 8.29, 'aprobado'),
(47, 63, 6, 9.22, 'aprobado'),
(47, 76, 6, 8.87, 'aprobado'),
(47, 2, 7, 8.69, 'aprobado'),
(47, 3, 7, 7.52, 'aprobado'),
(47, 53, 7, 7.41, 'aprobado'),
(47, 57, 7, 8.62, 'aprobado'),
(47, 61, 7, 9.03, 'aprobado'),
(48, 1, 2, 6.06, 'aprobado'),
(48, 54, 2, 6.47, 'aprobado'),
(48, 55, 2, 7.38, 'aprobado'),
(48, 62, 2, 6.69, 'aprobado'),
(48, 63, 2, 7.2, 'aprobado'),
(48, 76, 2, 9.37, 'aprobado'),
(48, 2, 3, 6.4, 'aprobado'),
(48, 3, 3, 6.58, 'aprobado'),
(48, 53, 3, 7.7, 'aprobado'),
(48, 57, 3, 7.55, 'aprobado'),
(48, 61, 3, 6.2, 'aprobado'),
(48, 4, 4, 8.53, 'aprobado'),
(48, 56, 4, 7.36, 'aprobado'),
(48, 59, 4, 6.79, 'aprobado'),
(48, 5, 5, 6.63, 'aprobado'),
(48, 60, 5, 6.83, 'aprobado'),
(48, 6, 6, 6.63, 'aprobado'),
(48, 18, 6, 9.22, 'aprobado'),
(48, 20, 6, 9.15, 'aprobado'),
(48, 7, 7, 9.9, 'aprobado'),
(48, 19, 7, 7.49, 'aprobado'),
(48, 77, 7, 6.2, 'aprobado'),
(48, 31, 7, 7.47, 'aprobado'),
(49, 1, 3, 7.92, 'aprobado'),
(49, 54, 3, 9.5, 'aprobado'),
(49, 55, 3, 7.14, 'aprobado'),
(49, 62, 3, 9.13, 'aprobado'),
(49, 63, 3, 6.29, 'aprobado'),
(49, 76, 3, 8.32, 'aprobado'),
(49, 2, 4, 6.81, 'aprobado'),
(49, 3, 4, 9.91, 'aprobado'),
(49, 53, 4, 6.92, 'aprobado'),
(49, 57, 4, 8.0, 'aprobado'),
(49, 61, 4, 9.71, 'aprobado'),
(49, 4, 5, 9.32, 'aprobado'),
(49, 56, 5, 6.34, 'aprobado'),
(49, 59, 5, 8.12, 'aprobado'),
(49, 5, 6, 6.43, 'aprobado'),
(49, 60, 6, 8.76, 'aprobado'),
(49, 6, 7, 7.39, 'aprobado'),
(49, 18, 7, 7.37, 'aprobado'),
(49, 20, 7, 7.16, 'aprobado'),
(50, 1, 1, 9.7, 'aprobado'),
(50, 54, 1, 8.82, 'aprobado'),
(50, 55, 1, 8.71, 'aprobado'),
(50, 62, 1, 9.26, 'aprobado'),
(50, 63, 1, 7.17, 'aprobado'),
(50, 76, 1, 6.98, 'aprobado'),
(50, 2, 2, 8.27, 'aprobado'),
(50, 3, 2, 6.28, 'aprobado'),
(50, 53, 2, 7.66, 'aprobado'),
(50, 57, 2, 6.87, 'aprobado'),
(50, 61, 2, 7.03, 'aprobado'),
(50, 4, 3, 8.81, 'aprobado'),
(50, 56, 3, 7.42, 'aprobado'),
(50, 59, 3, 6.86, 'aprobado'),
(50, 5, 4, 7.45, 'aprobado'),
(50, 60, 4, 8.83, 'aprobado'),
(50, 6, 5, 7.99, 'aprobado'),
(50, 18, 5, 8.68, 'aprobado'),
(50, 20, 5, 9.91, 'aprobado'),
(50, 7, 6, 9.97, 'aprobado'),
(50, 19, 6, 6.35, 'aprobado'),
(50, 77, 6, 9.08, 'aprobado'),
(50, 31, 6, 7.18, 'aprobado'),
(50, 8, 7, 7.42, 'aprobado'),
(50, 10, 7, 6.11, 'aprobado'),
(50, 12, 7, 6.13, 'aprobado'),
(50, 15, 7, 8.52, 'aprobado'),
(51, 1, 7, 7.75, 'aprobado'),
(51, 54, 7, 8.34, 'aprobado'),
(51, 55, 7, 6.66, 'aprobado'),
(51, 62, 7, 8.05, 'aprobado'),
(51, 63, 7, 6.48, 'aprobado'),
(51, 76, 7, 8.4, 'aprobado'),
(52, 1, 1, 9.0, 'aprobado'),
(52, 54, 1, 6.99, 'aprobado'),
(52, 55, 1, 7.45, 'aprobado'),
(52, 62, 1, 6.57, 'aprobado'),
(52, 63, 1, 7.68, 'aprobado'),
(52, 76, 1, 6.16, 'aprobado'),
(52, 2, 2, 6.64, 'aprobado'),
(52, 3, 2, 10.0, 'aprobado'),
(52, 53, 2, 6.63, 'aprobado'),
(52, 57, 2, 6.74, 'aprobado'),
(52, 61, 2, 9.64, 'aprobado'),
(52, 4, 3, 6.7, 'aprobado'),
(52, 56, 3, 7.36, 'aprobado'),
(52, 59, 3, 6.63, 'aprobado'),
(52, 5, 4, 9.11, 'aprobado'),
(52, 60, 4, 8.36, 'aprobado'),
(52, 6, 5, 6.65, 'aprobado'),
(52, 18, 5, 7.46, 'aprobado'),
(52, 20, 5, 7.09, 'aprobado'),
(52, 7, 6, 6.1, 'aprobado'),
(52, 19, 6, 9.94, 'aprobado'),
(52, 77, 6, 8.52, 'aprobado'),
(52, 31, 6, 8.24, 'aprobado'),
(52, 8, 7, 6.54, 'aprobado'),
(52, 10, 7, 9.9, 'aprobado'),
(52, 12, 7, 9.22, 'aprobado'),
(52, 15, 7, 7.04, 'aprobado'),
(53, 1, 2, 7.44, 'aprobado'),
(53, 54, 2, 8.17, 'aprobado'),
(53, 55, 2, 8.38, 'aprobado'),
(53, 62, 2, 8.85, 'aprobado'),
(53, 63, 2, 9.35, 'aprobado'),
(53, 76, 2, 9.26, 'aprobado'),
(53, 2, 3, 8.95, 'aprobado'),
(53, 3, 3, 6.89, 'aprobado'),
(53, 53, 3, 7.93, 'aprobado'),
(53, 57, 3, 6.61, 'aprobado'),
(53, 61, 3, 9.05, 'aprobado'),
(53, 4, 4, 9.76, 'aprobado'),
(53, 56, 4, 6.16, 'aprobado'),
(53, 59, 4, 6.82, 'aprobado'),
(53, 5, 5, 7.0, 'aprobado'),
(53, 60, 5, 6.12, 'aprobado'),
(53, 6, 6, 6.54, 'aprobado'),
(53, 18, 6, 8.77, 'aprobado'),
(53, 20, 6, 8.45, 'aprobado'),
(53, 7, 7, 7.14, 'aprobado'),
(53, 19, 7, 7.04, 'aprobado'),
(53, 77, 7, 7.74, 'aprobado'),
(53, 31, 7, 8.16, 'aprobado'),
(54, 1, 5, 8.55, 'aprobado'),
(54, 54, 5, 9.92, 'aprobado'),
(54, 55, 5, 6.52, 'aprobado'),
(54, 62, 5, 6.9, 'aprobado'),
(54, 63, 5, 8.42, 'aprobado'),
(54, 76, 5, 7.47, 'aprobado'),
(54, 2, 6, 7.72, 'aprobado'),
(54, 3, 6, 7.26, 'aprobado'),
(54, 53, 6, 8.34, 'aprobado'),
(54, 57, 6, 6.98, 'aprobado'),
(54, 61, 6, 9.58, 'aprobado'),
(54, 4, 7, 9.44, 'aprobado'),
(54, 56, 7, 9.6, 'aprobado'),
(54, 59, 7, 7.07, 'aprobado'),
(55, 1, 2, 8.99, 'aprobado'),
(55, 54, 2, 9.76, 'aprobado'),
(55, 55, 2, 9.7, 'aprobado'),
(55, 62, 2, 8.32, 'aprobado'),
(55, 63, 2, 7.89, 'aprobado'),
(55, 76, 2, 7.33, 'aprobado'),
(55, 2, 3, 8.82, 'aprobado'),
(55, 3, 3, 8.35, 'aprobado'),
(55, 53, 3, 9.44, 'aprobado'),
(55, 57, 3, 7.66, 'aprobado'),
(55, 61, 3, 6.26, 'aprobado'),
(55, 4, 4, 7.47, 'aprobado'),
(55, 56, 4, 7.56, 'aprobado'),
(55, 59, 4, 8.39, 'aprobado'),
(55, 5, 5, 9.74, 'aprobado'),
(55, 60, 5, 8.13, 'aprobado'),
(55, 6, 6, 7.68, 'aprobado'),
(55, 18, 6, 6.24, 'aprobado'),
(55, 20, 6, 7.82, 'aprobado'),
(55, 7, 7, 6.59, 'aprobado'),
(55, 19, 7, 8.63, 'aprobado'),
(55, 77, 7, 7.59, 'aprobado'),
(55, 31, 7, 7.71, 'aprobado'),
(56, 1, 5, 7.68, 'aprobado'),
(56, 54, 5, 9.88, 'aprobado'),
(56, 55, 5, 9.95, 'aprobado'),
(56, 62, 5, 6.72, 'aprobado'),
(56, 63, 5, 7.02, 'aprobado'),
(56, 76, 5, 9.75, 'aprobado'),
(56, 2, 6, 7.63, 'aprobado'),
(56, 3, 6, 9.4, 'aprobado'),
(56, 53, 6, 8.34, 'aprobado'),
(56, 57, 6, 6.47, 'aprobado'),
(56, 61, 6, 6.83, 'aprobado'),
(56, 4, 7, 6.83, 'aprobado'),
(56, 56, 7, 9.99, 'aprobado'),
(56, 59, 7, 7.23, 'aprobado'),
(57, 1, 7, 9.41, 'aprobado'),
(57, 54, 7, 8.03, 'aprobado'),
(57, 55, 7, 6.39, 'aprobado'),
(57, 62, 7, 8.46, 'aprobado'),
(57, 63, 7, 9.3, 'aprobado'),
(57, 76, 7, 8.98, 'aprobado'),
(58, 1, 4, 7.98, 'aprobado'),
(58, 54, 4, 7.37, 'aprobado'),
(58, 55, 4, 6.09, 'aprobado'),
(58, 62, 4, 6.98, 'aprobado'),
(58, 63, 4, 6.67, 'aprobado'),
(58, 76, 4, 8.41, 'aprobado'),
(58, 2, 5, 6.6, 'aprobado'),
(58, 3, 5, 7.84, 'aprobado'),
(58, 53, 5, 9.33, 'aprobado'),
(58, 57, 5, 9.47, 'aprobado'),
(58, 61, 5, 8.3, 'aprobado'),
(58, 4, 6, 7.12, 'aprobado'),
(58, 56, 6, 9.31, 'aprobado'),
(58, 59, 6, 7.49, 'aprobado'),
(58, 5, 7, 9.92, 'aprobado'),
(58, 60, 7, 7.51, 'aprobado'),
(59, 1, 1, 8.97, 'aprobado'),
(59, 54, 1, 8.37, 'aprobado'),
(59, 55, 1, 9.46, 'aprobado'),
(59, 62, 1, 8.17, 'aprobado'),
(59, 63, 1, 6.62, 'aprobado'),
(59, 76, 1, 9.72, 'aprobado'),
(59, 2, 2, 9.05, 'aprobado'),
(59, 3, 2, 7.97, 'aprobado'),
(59, 53, 2, 9.4, 'aprobado'),
(59, 57, 2, 8.98, 'aprobado'),
(59, 61, 2, 9.41, 'aprobado'),
(59, 4, 3, 8.11, 'aprobado'),
(59, 56, 3, 7.98, 'aprobado'),
(59, 59, 3, 9.12, 'aprobado'),
(59, 5, 4, 8.6, 'aprobado'),
(59, 60, 4, 7.2, 'aprobado'),
(59, 6, 5, 6.19, 'aprobado'),
(59, 18, 5, 6.37, 'aprobado'),
(59, 20, 5, 6.23, 'aprobado'),
(59, 7, 6, 9.71, 'aprobado'),
(59, 19, 6, 9.0, 'aprobado'),
(59, 77, 6, 7.57, 'aprobado'),
(59, 31, 6, 7.48, 'aprobado'),
(59, 8, 7, 9.49, 'aprobado'),
(59, 10, 7, 6.34, 'aprobado'),
(59, 12, 7, 9.21, 'aprobado'),
(59, 15, 7, 8.32, 'aprobado'),
(60, 1, 7, 8.13, 'aprobado'),
(60, 54, 7, 7.47, 'aprobado'),
(60, 55, 7, 7.63, 'aprobado'),
(60, 62, 7, 7.74, 'aprobado'),
(60, 63, 7, 9.77, 'aprobado'),
(60, 76, 7, 9.42, 'aprobado'),
(61, 1, 6, 6.65, 'aprobado'),
(61, 54, 6, 9.41, 'aprobado'),
(61, 55, 6, 9.91, 'aprobado'),
(61, 62, 6, 7.59, 'aprobado'),
(61, 63, 6, 8.16, 'aprobado'),
(61, 76, 6, 9.58, 'aprobado'),
(61, 2, 7, 9.97, 'aprobado'),
(61, 3, 7, 6.6, 'aprobado'),
(61, 53, 7, 9.7, 'aprobado'),
(61, 57, 7, 8.32, 'aprobado'),
(61, 61, 7, 9.47, 'aprobado'),
(62, 1, 1, 8.65, 'aprobado'),
(62, 54, 1, 7.6, 'aprobado'),
(62, 55, 1, 9.84, 'aprobado'),
(62, 62, 1, 7.42, 'aprobado'),
(62, 63, 1, 6.4, 'aprobado'),
(62, 76, 1, 8.64, 'aprobado'),
(62, 2, 2, 6.88, 'aprobado'),
(62, 3, 2, 8.56, 'aprobado'),
(62, 53, 2, 6.07, 'aprobado'),
(62, 57, 2, 6.56, 'aprobado'),
(62, 61, 2, 8.47, 'aprobado'),
(62, 4, 3, 8.52, 'aprobado'),
(62, 56, 3, 6.96, 'aprobado'),
(62, 59, 3, 7.87, 'aprobado'),
(62, 5, 4, 7.3, 'aprobado'),
(62, 60, 4, 7.43, 'aprobado'),
(62, 6, 5, 6.63, 'aprobado'),
(62, 18, 5, 8.83, 'aprobado'),
(62, 20, 5, 7.47, 'aprobado'),
(62, 7, 6, 6.54, 'aprobado'),
(62, 19, 6, 8.87, 'aprobado'),
(62, 77, 6, 7.63, 'aprobado'),
(62, 31, 6, 6.97, 'aprobado'),
(62, 8, 7, 8.47, 'aprobado'),
(62, 10, 7, 6.4, 'aprobado'),
(62, 12, 7, 8.65, 'aprobado'),
(62, 15, 7, 6.23, 'aprobado'),
(64, 1, 3, 9.81, 'aprobado'),
(64, 54, 3, 7.37, 'aprobado'),
(64, 55, 3, 7.49, 'aprobado'),
(64, 62, 3, 9.95, 'aprobado'),
(64, 63, 3, 9.43, 'aprobado'),
(64, 76, 3, 9.52, 'aprobado'),
(64, 2, 4, 8.62, 'aprobado'),
(64, 3, 4, 6.4, 'aprobado'),
(64, 53, 4, 9.03, 'aprobado'),
(64, 57, 4, 9.7, 'aprobado'),
(64, 61, 4, 6.46, 'aprobado'),
(64, 4, 5, 9.16, 'aprobado'),
(64, 56, 5, 9.88, 'aprobado'),
(64, 59, 5, 7.56, 'aprobado'),
(64, 5, 6, 7.71, 'aprobado'),
(64, 60, 6, 6.4, 'aprobado'),
(64, 6, 7, 8.74, 'aprobado'),
(64, 18, 7, 8.2, 'aprobado'),
(64, 20, 7, 7.07, 'aprobado'),
(65, 1, 2, 6.3, 'aprobado'),
(65, 54, 2, 9.49, 'aprobado'),
(65, 55, 2, 6.31, 'aprobado'),
(65, 62, 2, 6.78, 'aprobado'),
(65, 63, 2, 7.49, 'aprobado'),
(65, 76, 2, 9.19, 'aprobado'),
(65, 2, 3, 7.26, 'aprobado'),
(65, 3, 3, 6.53, 'aprobado'),
(65, 53, 3, 8.61, 'aprobado'),
(65, 57, 3, 7.82, 'aprobado'),
(65, 61, 3, 8.68, 'aprobado'),
(65, 4, 4, 9.14, 'aprobado'),
(65, 56, 4, 9.79, 'aprobado'),
(65, 59, 4, 6.43, 'aprobado'),
(65, 5, 5, 6.82, 'aprobado'),
(65, 60, 5, 6.66, 'aprobado'),
(65, 6, 6, 7.91, 'aprobado'),
(65, 18, 6, 7.3, 'aprobado'),
(65, 20, 6, 8.3, 'aprobado'),
(65, 7, 7, 6.3, 'aprobado'),
(65, 19, 7, 9.5, 'aprobado'),
(65, 77, 7, 6.68, 'aprobado'),
(65, 31, 7, 7.79, 'aprobado'),
(66, 1, 6, 8.36, 'aprobado'),
(66, 54, 6, 8.57, 'aprobado'),
(66, 55, 6, 9.41, 'aprobado'),
(66, 62, 6, 7.03, 'aprobado'),
(66, 63, 6, 6.4, 'aprobado'),
(66, 76, 6, 7.74, 'aprobado'),
(66, 2, 7, 8.61, 'aprobado'),
(66, 3, 7, 6.63, 'aprobado'),
(66, 53, 7, 7.72, 'aprobado'),
(66, 57, 7, 9.74, 'aprobado'),
(66, 61, 7, 8.6, 'aprobado'),
(67, 1, 6, 9.15, 'aprobado'),
(67, 54, 6, 6.98, 'aprobado'),
(67, 55, 6, 9.76, 'aprobado'),
(67, 62, 6, 7.07, 'aprobado'),
(67, 63, 6, 7.8, 'aprobado'),
(67, 76, 6, 8.89, 'aprobado'),
(67, 2, 7, 7.78, 'aprobado'),
(67, 3, 7, 7.67, 'aprobado'),
(67, 53, 7, 6.87, 'aprobado'),
(67, 57, 7, 9.89, 'aprobado'),
(67, 61, 7, 8.1, 'aprobado'),
(68, 1, 3, 9.44, 'aprobado'),
(68, 54, 3, 7.39, 'aprobado'),
(68, 55, 3, 8.24, 'aprobado'),
(68, 62, 3, 8.65, 'aprobado'),
(68, 63, 3, 8.05, 'aprobado'),
(68, 76, 3, 6.47, 'aprobado'),
(68, 2, 4, 9.19, 'aprobado');
INSERT INTO historial_academico (id_alumno, id_materia, id_periodo, calificacion_final, resultado) VALUES
(68, 3, 4, 8.11, 'aprobado'),
(68, 53, 4, 6.11, 'aprobado'),
(68, 57, 4, 6.56, 'aprobado'),
(68, 61, 4, 6.56, 'aprobado'),
(68, 4, 5, 7.34, 'aprobado'),
(68, 56, 5, 8.77, 'aprobado'),
(68, 59, 5, 6.42, 'aprobado'),
(68, 5, 6, 9.84, 'aprobado'),
(68, 60, 6, 7.46, 'aprobado'),
(68, 6, 7, 8.62, 'aprobado'),
(68, 18, 7, 7.79, 'aprobado'),
(68, 20, 7, 8.55, 'aprobado'),
(69, 1, 5, 9.44, 'aprobado'),
(69, 54, 5, 8.27, 'aprobado'),
(69, 55, 5, 9.07, 'aprobado'),
(69, 62, 5, 7.44, 'aprobado'),
(69, 63, 5, 9.16, 'aprobado'),
(69, 76, 5, 6.72, 'aprobado'),
(69, 2, 6, 6.6, 'aprobado'),
(69, 3, 6, 8.6, 'aprobado'),
(69, 53, 6, 9.26, 'aprobado'),
(69, 57, 6, 7.17, 'aprobado'),
(69, 61, 6, 8.06, 'aprobado'),
(69, 4, 7, 9.29, 'aprobado'),
(69, 56, 7, 8.0, 'aprobado'),
(69, 59, 7, 9.84, 'aprobado'),
(71, 1, 2, 7.12, 'aprobado'),
(71, 54, 2, 8.2, 'aprobado'),
(71, 55, 2, 9.77, 'aprobado'),
(71, 62, 2, 8.32, 'aprobado'),
(71, 63, 2, 8.71, 'aprobado'),
(71, 76, 2, 9.08, 'aprobado'),
(71, 2, 3, 6.03, 'aprobado'),
(71, 3, 3, 6.34, 'aprobado'),
(71, 53, 3, 7.74, 'aprobado'),
(71, 57, 3, 9.52, 'aprobado'),
(71, 61, 3, 8.3, 'aprobado'),
(71, 4, 4, 7.4, 'aprobado'),
(71, 56, 4, 7.13, 'aprobado'),
(71, 59, 4, 9.87, 'aprobado'),
(71, 5, 5, 7.38, 'aprobado'),
(71, 60, 5, 9.83, 'aprobado'),
(71, 6, 6, 7.59, 'aprobado'),
(71, 18, 6, 7.44, 'aprobado'),
(71, 20, 6, 6.13, 'aprobado'),
(71, 7, 7, 7.78, 'aprobado'),
(71, 19, 7, 8.13, 'aprobado'),
(71, 77, 7, 9.81, 'aprobado'),
(71, 31, 7, 9.74, 'aprobado'),
(72, 1, 5, 7.28, 'aprobado'),
(72, 54, 5, 9.21, 'aprobado'),
(72, 55, 5, 9.57, 'aprobado'),
(72, 62, 5, 7.9, 'aprobado'),
(72, 63, 5, 9.8, 'aprobado'),
(72, 76, 5, 9.71, 'aprobado'),
(72, 2, 6, 8.68, 'aprobado'),
(72, 3, 6, 9.12, 'aprobado'),
(72, 53, 6, 6.07, 'aprobado'),
(72, 57, 6, 7.5, 'aprobado'),
(72, 61, 6, 6.39, 'aprobado'),
(72, 4, 7, 9.05, 'aprobado'),
(72, 56, 7, 6.15, 'aprobado'),
(72, 59, 7, 7.74, 'aprobado'),
(75, 1, 6, 6.18, 'aprobado'),
(75, 54, 6, 6.77, 'aprobado'),
(75, 55, 6, 8.6, 'aprobado'),
(75, 62, 6, 8.27, 'aprobado'),
(75, 63, 6, 7.55, 'aprobado'),
(75, 76, 6, 6.1, 'aprobado'),
(75, 2, 7, 7.82, 'aprobado'),
(75, 3, 7, 7.12, 'aprobado'),
(75, 53, 7, 8.2, 'aprobado'),
(75, 57, 7, 9.3, 'aprobado'),
(75, 61, 7, 6.56, 'aprobado'),
(76, 1, 7, 8.81, 'aprobado'),
(76, 54, 7, 8.4, 'aprobado'),
(76, 55, 7, 8.96, 'aprobado'),
(76, 62, 7, 8.03, 'aprobado'),
(76, 63, 7, 7.1, 'aprobado'),
(76, 76, 7, 6.0, 'aprobado'),
(77, 1, 6, 9.82, 'aprobado'),
(77, 54, 6, 9.93, 'aprobado'),
(77, 55, 6, 7.9, 'aprobado'),
(77, 62, 6, 7.5, 'aprobado'),
(77, 63, 6, 6.38, 'aprobado'),
(77, 76, 6, 7.39, 'aprobado'),
(77, 2, 7, 7.75, 'aprobado'),
(77, 3, 7, 8.08, 'aprobado'),
(77, 53, 7, 8.88, 'aprobado'),
(77, 57, 7, 7.0, 'aprobado'),
(77, 61, 7, 6.59, 'aprobado'),
(78, 1, 2, 6.23, 'aprobado'),
(78, 54, 2, 7.71, 'aprobado'),
(78, 55, 2, 7.52, 'aprobado'),
(78, 62, 2, 7.47, 'aprobado'),
(78, 63, 2, 9.32, 'aprobado'),
(78, 76, 2, 6.5, 'aprobado'),
(78, 2, 3, 6.78, 'aprobado'),
(78, 3, 3, 9.32, 'aprobado'),
(78, 53, 3, 6.8, 'aprobado'),
(78, 57, 3, 7.93, 'aprobado'),
(78, 61, 3, 7.28, 'aprobado'),
(78, 4, 4, 9.86, 'aprobado'),
(78, 56, 4, 7.36, 'aprobado'),
(78, 59, 4, 7.4, 'aprobado'),
(78, 5, 5, 7.32, 'aprobado'),
(78, 60, 5, 9.72, 'aprobado'),
(78, 6, 6, 9.17, 'aprobado'),
(78, 18, 6, 9.88, 'aprobado'),
(78, 20, 6, 9.96, 'aprobado'),
(78, 7, 7, 7.37, 'aprobado'),
(78, 19, 7, 6.83, 'aprobado'),
(78, 77, 7, 7.9, 'aprobado'),
(78, 31, 7, 6.57, 'aprobado'),
(79, 1, 1, 8.55, 'aprobado'),
(79, 54, 1, 6.26, 'aprobado'),
(79, 55, 1, 6.82, 'aprobado'),
(79, 62, 1, 6.62, 'aprobado'),
(79, 63, 1, 7.19, 'aprobado'),
(79, 76, 1, 7.85, 'aprobado'),
(79, 2, 2, 8.36, 'aprobado'),
(79, 3, 2, 7.39, 'aprobado'),
(79, 53, 2, 9.23, 'aprobado'),
(79, 57, 2, 6.73, 'aprobado'),
(79, 61, 2, 8.39, 'aprobado'),
(79, 4, 3, 8.51, 'aprobado'),
(79, 56, 3, 6.85, 'aprobado'),
(79, 59, 3, 9.86, 'aprobado'),
(79, 5, 4, 6.72, 'aprobado'),
(79, 60, 4, 7.73, 'aprobado'),
(79, 6, 5, 7.64, 'aprobado'),
(79, 18, 5, 9.72, 'aprobado'),
(79, 20, 5, 6.13, 'aprobado'),
(79, 7, 6, 9.92, 'aprobado'),
(79, 19, 6, 7.62, 'aprobado'),
(79, 77, 6, 8.16, 'aprobado'),
(79, 31, 6, 8.65, 'aprobado'),
(79, 8, 7, 6.27, 'aprobado'),
(79, 10, 7, 6.78, 'aprobado'),
(79, 12, 7, 6.84, 'aprobado'),
(79, 15, 7, 9.62, 'aprobado'),
(80, 1, 1, 9.91, 'aprobado'),
(80, 54, 1, 8.43, 'aprobado'),
(80, 55, 1, 7.43, 'aprobado'),
(80, 62, 1, 9.4, 'aprobado'),
(80, 63, 1, 8.85, 'aprobado'),
(80, 76, 1, 9.87, 'aprobado'),
(80, 2, 2, 7.61, 'aprobado'),
(80, 3, 2, 9.99, 'aprobado'),
(80, 53, 2, 7.94, 'aprobado'),
(80, 57, 2, 9.94, 'aprobado'),
(80, 61, 2, 8.38, 'aprobado'),
(80, 4, 3, 7.74, 'aprobado'),
(80, 56, 3, 8.31, 'aprobado'),
(80, 59, 3, 8.87, 'aprobado'),
(80, 5, 4, 6.53, 'aprobado'),
(80, 60, 4, 7.76, 'aprobado'),
(80, 6, 5, 7.4, 'aprobado'),
(80, 18, 5, 6.82, 'aprobado'),
(80, 20, 5, 7.45, 'aprobado'),
(80, 7, 6, 9.38, 'aprobado'),
(80, 19, 6, 9.67, 'aprobado'),
(80, 77, 6, 8.2, 'aprobado'),
(80, 31, 6, 9.45, 'aprobado'),
(80, 8, 7, 6.66, 'aprobado'),
(80, 10, 7, 7.45, 'aprobado'),
(80, 12, 7, 7.76, 'aprobado'),
(80, 15, 7, 8.93, 'aprobado'),
(81, 1, 2, 9.24, 'aprobado'),
(81, 54, 2, 8.48, 'aprobado'),
(81, 55, 2, 9.24, 'aprobado'),
(81, 62, 2, 8.11, 'aprobado'),
(81, 63, 2, 7.83, 'aprobado'),
(81, 76, 2, 7.86, 'aprobado'),
(81, 2, 3, 8.57, 'aprobado'),
(81, 3, 3, 8.33, 'aprobado'),
(81, 53, 3, 7.75, 'aprobado'),
(81, 57, 3, 8.36, 'aprobado'),
(81, 61, 3, 9.84, 'aprobado'),
(81, 4, 4, 7.81, 'aprobado'),
(81, 56, 4, 7.49, 'aprobado'),
(81, 59, 4, 7.58, 'aprobado'),
(81, 5, 5, 6.44, 'aprobado'),
(81, 60, 5, 6.04, 'aprobado'),
(81, 6, 6, 6.08, 'aprobado'),
(81, 18, 6, 9.26, 'aprobado'),
(81, 20, 6, 7.02, 'aprobado'),
(81, 7, 7, 6.52, 'aprobado'),
(81, 19, 7, 9.63, 'aprobado'),
(81, 77, 7, 7.34, 'aprobado'),
(81, 31, 7, 9.0, 'aprobado'),
(82, 1, 2, 9.81, 'aprobado'),
(82, 54, 2, 6.79, 'aprobado'),
(82, 55, 2, 9.41, 'aprobado'),
(82, 62, 2, 8.64, 'aprobado'),
(82, 63, 2, 8.95, 'aprobado'),
(82, 76, 2, 8.04, 'aprobado'),
(82, 2, 3, 7.4, 'aprobado'),
(82, 3, 3, 8.32, 'aprobado'),
(82, 53, 3, 8.52, 'aprobado'),
(82, 57, 3, 8.5, 'aprobado'),
(82, 61, 3, 9.42, 'aprobado'),
(82, 4, 4, 6.58, 'aprobado'),
(82, 56, 4, 7.53, 'aprobado'),
(82, 59, 4, 9.79, 'aprobado'),
(82, 5, 5, 6.61, 'aprobado'),
(82, 60, 5, 9.06, 'aprobado'),
(82, 6, 6, 9.0, 'aprobado'),
(82, 18, 6, 6.86, 'aprobado'),
(82, 20, 6, 6.98, 'aprobado'),
(82, 7, 7, 8.72, 'aprobado'),
(82, 19, 7, 6.04, 'aprobado'),
(82, 77, 7, 7.06, 'aprobado'),
(82, 31, 7, 8.42, 'aprobado'),
(83, 1, 1, 8.26, 'aprobado'),
(83, 54, 1, 6.45, 'aprobado'),
(83, 55, 1, 8.99, 'aprobado'),
(83, 62, 1, 6.45, 'aprobado'),
(83, 63, 1, 6.84, 'aprobado'),
(83, 76, 1, 9.66, 'aprobado'),
(83, 2, 2, 8.01, 'aprobado'),
(83, 3, 2, 6.57, 'aprobado'),
(83, 53, 2, 9.62, 'aprobado'),
(83, 57, 2, 8.24, 'aprobado'),
(83, 61, 2, 8.11, 'aprobado'),
(83, 4, 3, 9.28, 'aprobado'),
(83, 56, 3, 6.5, 'aprobado'),
(83, 59, 3, 7.23, 'aprobado'),
(83, 5, 4, 9.65, 'aprobado'),
(83, 60, 4, 6.16, 'aprobado'),
(83, 6, 5, 9.03, 'aprobado'),
(83, 18, 5, 8.64, 'aprobado'),
(83, 20, 5, 9.27, 'aprobado'),
(83, 7, 6, 9.93, 'aprobado'),
(83, 19, 6, 8.23, 'aprobado'),
(83, 77, 6, 9.21, 'aprobado'),
(83, 31, 6, 8.15, 'aprobado'),
(83, 8, 7, 6.27, 'aprobado'),
(83, 10, 7, 7.01, 'aprobado'),
(83, 12, 7, 8.89, 'aprobado'),
(83, 15, 7, 6.06, 'aprobado'),
(84, 1, 4, 7.01, 'aprobado'),
(84, 54, 4, 6.29, 'aprobado'),
(84, 55, 4, 7.71, 'aprobado'),
(84, 62, 4, 6.87, 'aprobado'),
(84, 63, 4, 6.17, 'aprobado'),
(84, 76, 4, 6.14, 'aprobado'),
(84, 2, 5, 7.8, 'aprobado'),
(84, 3, 5, 6.51, 'aprobado'),
(84, 53, 5, 9.05, 'aprobado'),
(84, 57, 5, 6.2, 'aprobado'),
(84, 61, 5, 8.57, 'aprobado'),
(84, 4, 6, 9.54, 'aprobado'),
(84, 56, 6, 9.77, 'aprobado'),
(84, 59, 6, 7.49, 'aprobado'),
(84, 5, 7, 6.1, 'aprobado'),
(84, 60, 7, 7.07, 'aprobado'),
(85, 1, 1, 9.8, 'aprobado'),
(85, 54, 1, 8.25, 'aprobado'),
(85, 55, 1, 6.29, 'aprobado'),
(85, 62, 1, 8.61, 'aprobado'),
(85, 63, 1, 8.8, 'aprobado'),
(85, 76, 1, 7.21, 'aprobado'),
(85, 2, 2, 9.05, 'aprobado'),
(85, 3, 2, 9.24, 'aprobado'),
(85, 53, 2, 7.12, 'aprobado'),
(85, 57, 2, 8.98, 'aprobado'),
(85, 61, 2, 7.12, 'aprobado'),
(85, 4, 3, 7.73, 'aprobado'),
(85, 56, 3, 6.87, 'aprobado'),
(85, 59, 3, 9.34, 'aprobado'),
(85, 5, 4, 8.19, 'aprobado'),
(85, 60, 4, 8.75, 'aprobado'),
(85, 6, 5, 9.98, 'aprobado'),
(85, 18, 5, 8.66, 'aprobado'),
(85, 20, 5, 9.76, 'aprobado'),
(85, 7, 6, 8.0, 'aprobado'),
(85, 19, 6, 7.77, 'aprobado'),
(85, 77, 6, 6.12, 'aprobado'),
(85, 31, 6, 6.96, 'aprobado'),
(85, 8, 7, 7.48, 'aprobado'),
(85, 10, 7, 9.53, 'aprobado'),
(85, 12, 7, 8.64, 'aprobado'),
(85, 15, 7, 9.57, 'aprobado'),
(86, 1, 4, 8.62, 'aprobado'),
(86, 54, 4, 6.45, 'aprobado'),
(86, 55, 4, 9.49, 'aprobado'),
(86, 62, 4, 8.1, 'aprobado'),
(86, 63, 4, 9.92, 'aprobado'),
(86, 76, 4, 9.62, 'aprobado'),
(86, 2, 5, 8.62, 'aprobado'),
(86, 3, 5, 7.24, 'aprobado'),
(86, 53, 5, 7.81, 'aprobado'),
(86, 57, 5, 7.26, 'aprobado'),
(86, 61, 5, 6.95, 'aprobado'),
(86, 4, 6, 6.46, 'aprobado'),
(86, 56, 6, 9.01, 'aprobado'),
(86, 59, 6, 9.37, 'aprobado'),
(86, 5, 7, 9.95, 'aprobado'),
(86, 60, 7, 7.93, 'aprobado'),
(87, 1, 1, 7.54, 'aprobado'),
(87, 54, 1, 7.4, 'aprobado'),
(87, 55, 1, 8.31, 'aprobado'),
(87, 62, 1, 9.77, 'aprobado'),
(87, 63, 1, 9.46, 'aprobado'),
(87, 76, 1, 6.49, 'aprobado'),
(87, 2, 2, 9.86, 'aprobado'),
(87, 3, 2, 8.77, 'aprobado'),
(87, 53, 2, 8.43, 'aprobado'),
(87, 57, 2, 8.9, 'aprobado'),
(87, 61, 2, 7.37, 'aprobado'),
(87, 4, 3, 8.57, 'aprobado'),
(87, 56, 3, 8.81, 'aprobado'),
(87, 59, 3, 8.6, 'aprobado'),
(87, 5, 4, 7.74, 'aprobado'),
(87, 60, 4, 7.12, 'aprobado'),
(87, 6, 5, 9.67, 'aprobado'),
(87, 18, 5, 8.07, 'aprobado'),
(87, 20, 5, 9.72, 'aprobado'),
(87, 7, 6, 9.94, 'aprobado'),
(87, 19, 6, 9.27, 'aprobado'),
(87, 77, 6, 6.08, 'aprobado'),
(87, 31, 6, 6.23, 'aprobado'),
(87, 8, 7, 8.91, 'aprobado'),
(87, 10, 7, 8.94, 'aprobado'),
(87, 12, 7, 7.37, 'aprobado'),
(87, 15, 7, 7.53, 'aprobado'),
(88, 1, 3, 7.64, 'aprobado'),
(88, 54, 3, 9.58, 'aprobado'),
(88, 55, 3, 8.35, 'aprobado'),
(88, 62, 3, 8.78, 'aprobado'),
(88, 63, 3, 9.45, 'aprobado'),
(88, 76, 3, 6.19, 'aprobado'),
(88, 2, 4, 8.84, 'aprobado'),
(88, 3, 4, 8.03, 'aprobado'),
(88, 53, 4, 6.85, 'aprobado'),
(88, 57, 4, 7.34, 'aprobado'),
(88, 61, 4, 7.75, 'aprobado'),
(88, 4, 5, 7.82, 'aprobado'),
(88, 56, 5, 6.08, 'aprobado'),
(88, 59, 5, 7.22, 'aprobado'),
(88, 5, 6, 9.1, 'aprobado'),
(88, 60, 6, 9.35, 'aprobado'),
(88, 6, 7, 7.02, 'aprobado'),
(88, 18, 7, 9.16, 'aprobado'),
(88, 20, 7, 7.36, 'aprobado'),
(89, 1, 7, 7.15, 'aprobado'),
(89, 54, 7, 6.68, 'aprobado'),
(89, 55, 7, 8.25, 'aprobado'),
(89, 62, 7, 6.45, 'aprobado'),
(89, 63, 7, 6.96, 'aprobado'),
(89, 76, 7, 7.99, 'aprobado'),
(90, 1, 2, 6.35, 'aprobado'),
(90, 54, 2, 8.18, 'aprobado'),
(90, 55, 2, 7.87, 'aprobado'),
(90, 62, 2, 9.43, 'aprobado'),
(90, 63, 2, 8.29, 'aprobado'),
(90, 76, 2, 9.23, 'aprobado'),
(90, 2, 3, 6.02, 'aprobado'),
(90, 3, 3, 7.06, 'aprobado'),
(90, 53, 3, 9.15, 'aprobado'),
(90, 57, 3, 6.75, 'aprobado'),
(90, 61, 3, 8.12, 'aprobado'),
(90, 4, 4, 8.82, 'aprobado'),
(90, 56, 4, 6.9, 'aprobado'),
(90, 59, 4, 6.51, 'aprobado'),
(90, 5, 5, 7.88, 'aprobado'),
(90, 60, 5, 7.45, 'aprobado'),
(90, 6, 6, 7.61, 'aprobado'),
(90, 18, 6, 7.31, 'aprobado'),
(90, 20, 6, 9.16, 'aprobado'),
(90, 7, 7, 9.16, 'aprobado'),
(90, 19, 7, 7.83, 'aprobado'),
(90, 77, 7, 7.02, 'aprobado'),
(90, 31, 7, 6.35, 'aprobado'),
(91, 1, 1, 7.88, 'aprobado'),
(91, 54, 1, 7.2, 'aprobado'),
(91, 55, 1, 8.18, 'aprobado'),
(91, 62, 1, 6.98, 'aprobado'),
(91, 63, 1, 7.9, 'aprobado'),
(91, 76, 1, 6.24, 'aprobado'),
(91, 2, 2, 7.43, 'aprobado'),
(91, 3, 2, 9.95, 'aprobado'),
(91, 53, 2, 9.61, 'aprobado'),
(91, 57, 2, 6.79, 'aprobado'),
(91, 61, 2, 9.22, 'aprobado'),
(91, 4, 3, 7.64, 'aprobado'),
(91, 56, 3, 6.15, 'aprobado'),
(91, 59, 3, 6.25, 'aprobado'),
(91, 5, 4, 8.3, 'aprobado'),
(91, 60, 4, 6.18, 'aprobado'),
(91, 6, 5, 6.76, 'aprobado'),
(91, 18, 5, 9.43, 'aprobado'),
(91, 20, 5, 8.04, 'aprobado'),
(91, 7, 6, 6.1, 'aprobado'),
(91, 19, 6, 7.81, 'aprobado'),
(91, 77, 6, 9.72, 'aprobado'),
(91, 31, 6, 7.45, 'aprobado'),
(91, 8, 7, 9.82, 'aprobado'),
(91, 10, 7, 8.76, 'aprobado'),
(91, 12, 7, 6.87, 'aprobado'),
(91, 15, 7, 7.28, 'aprobado'),
(92, 1, 7, 9.95, 'aprobado'),
(92, 54, 7, 6.63, 'aprobado'),
(92, 55, 7, 9.11, 'aprobado'),
(92, 62, 7, 7.68, 'aprobado'),
(92, 63, 7, 9.52, 'aprobado'),
(92, 76, 7, 6.01, 'aprobado'),
(93, 1, 7, 8.33, 'aprobado'),
(93, 54, 7, 8.13, 'aprobado'),
(93, 55, 7, 7.74, 'aprobado'),
(93, 62, 7, 6.59, 'aprobado'),
(93, 63, 7, 6.2, 'aprobado'),
(93, 76, 7, 7.28, 'aprobado'),
(94, 1, 2, 6.81, 'aprobado'),
(94, 54, 2, 7.1, 'aprobado'),
(94, 55, 2, 6.38, 'aprobado'),
(94, 62, 2, 8.11, 'aprobado'),
(94, 63, 2, 7.74, 'aprobado'),
(94, 76, 2, 6.77, 'aprobado'),
(94, 2, 3, 7.27, 'aprobado'),
(94, 3, 3, 6.36, 'aprobado'),
(94, 53, 3, 7.18, 'aprobado'),
(94, 57, 3, 7.03, 'aprobado'),
(94, 61, 3, 7.7, 'aprobado'),
(94, 4, 4, 9.68, 'aprobado'),
(94, 56, 4, 9.77, 'aprobado'),
(94, 59, 4, 9.66, 'aprobado'),
(94, 5, 5, 7.98, 'aprobado'),
(94, 60, 5, 9.17, 'aprobado'),
(94, 6, 6, 7.58, 'aprobado'),
(94, 18, 6, 6.29, 'aprobado'),
(94, 20, 6, 8.92, 'aprobado'),
(94, 7, 7, 9.08, 'aprobado'),
(94, 19, 7, 9.3, 'aprobado'),
(94, 77, 7, 9.02, 'aprobado'),
(94, 31, 7, 8.8, 'aprobado'),
(95, 1, 2, 8.33, 'aprobado'),
(95, 54, 2, 7.51, 'aprobado'),
(95, 55, 2, 7.68, 'aprobado'),
(95, 62, 2, 8.87, 'aprobado'),
(95, 63, 2, 9.03, 'aprobado'),
(95, 76, 2, 7.01, 'aprobado'),
(95, 2, 3, 9.9, 'aprobado'),
(95, 3, 3, 8.61, 'aprobado'),
(95, 53, 3, 9.45, 'aprobado'),
(95, 57, 3, 8.52, 'aprobado'),
(95, 61, 3, 7.59, 'aprobado'),
(95, 4, 4, 9.06, 'aprobado'),
(95, 56, 4, 8.62, 'aprobado'),
(95, 59, 4, 7.59, 'aprobado'),
(95, 5, 5, 9.78, 'aprobado'),
(95, 60, 5, 7.3, 'aprobado'),
(95, 6, 6, 7.5, 'aprobado'),
(95, 18, 6, 9.16, 'aprobado'),
(95, 20, 6, 7.47, 'aprobado'),
(95, 7, 7, 6.06, 'aprobado'),
(95, 19, 7, 8.43, 'aprobado'),
(95, 77, 7, 6.6, 'aprobado'),
(95, 31, 7, 9.46, 'aprobado'),
(96, 1, 1, 6.34, 'aprobado'),
(96, 54, 1, 6.34, 'aprobado'),
(96, 55, 1, 9.01, 'aprobado'),
(96, 62, 1, 7.27, 'aprobado'),
(96, 63, 1, 8.72, 'aprobado'),
(96, 76, 1, 9.84, 'aprobado'),
(96, 2, 2, 8.7, 'aprobado'),
(96, 3, 2, 9.97, 'aprobado'),
(96, 53, 2, 8.49, 'aprobado'),
(96, 57, 2, 7.49, 'aprobado'),
(96, 61, 2, 8.29, 'aprobado'),
(96, 4, 3, 9.22, 'aprobado'),
(96, 56, 3, 9.34, 'aprobado'),
(96, 59, 3, 6.79, 'aprobado'),
(96, 5, 4, 6.01, 'aprobado'),
(96, 60, 4, 9.48, 'aprobado'),
(96, 6, 5, 6.99, 'aprobado'),
(96, 18, 5, 6.45, 'aprobado'),
(96, 20, 5, 8.96, 'aprobado'),
(96, 7, 6, 6.74, 'aprobado'),
(96, 19, 6, 8.93, 'aprobado'),
(96, 77, 6, 7.99, 'aprobado'),
(96, 31, 6, 6.2, 'aprobado'),
(96, 8, 7, 7.95, 'aprobado'),
(96, 10, 7, 7.54, 'aprobado'),
(96, 12, 7, 8.77, 'aprobado'),
(96, 15, 7, 9.49, 'aprobado'),
(98, 1, 7, 6.93, 'aprobado'),
(98, 54, 7, 6.82, 'aprobado'),
(98, 55, 7, 8.18, 'aprobado'),
(98, 62, 7, 7.81, 'aprobado'),
(98, 63, 7, 9.3, 'aprobado'),
(98, 76, 7, 9.97, 'aprobado'),
(100, 1, 1, 9.02, 'aprobado'),
(100, 54, 1, 8.08, 'aprobado'),
(100, 55, 1, 9.88, 'aprobado'),
(100, 62, 1, 8.38, 'aprobado'),
(100, 63, 1, 9.67, 'aprobado'),
(100, 76, 1, 6.01, 'aprobado'),
(100, 2, 2, 9.22, 'aprobado'),
(100, 3, 2, 7.22, 'aprobado'),
(100, 53, 2, 8.95, 'aprobado'),
(100, 57, 2, 9.27, 'aprobado'),
(100, 61, 2, 7.01, 'aprobado'),
(100, 4, 3, 8.62, 'aprobado'),
(100, 56, 3, 8.31, 'aprobado'),
(100, 59, 3, 7.25, 'aprobado'),
(100, 5, 4, 9.25, 'aprobado'),
(100, 60, 4, 9.87, 'aprobado'),
(100, 6, 5, 6.07, 'aprobado'),
(100, 18, 5, 9.29, 'aprobado'),
(100, 20, 5, 9.69, 'aprobado'),
(100, 7, 6, 7.08, 'aprobado'),
(100, 19, 6, 7.34, 'aprobado'),
(100, 77, 6, 8.11, 'aprobado'),
(100, 31, 6, 8.07, 'aprobado'),
(100, 8, 7, 7.23, 'aprobado'),
(100, 10, 7, 7.89, 'aprobado'),
(100, 12, 7, 9.62, 'aprobado'),
(100, 15, 7, 6.56, 'aprobado');
INSERT INTO cita_reinscripcion (id_alumno, id_periodo, fecha_cita, hora_inicio, hora_fin, estatus) VALUES
(1, 8, '2026-04-26', '09:00:00', '18:00:00', 'pendiente'),
(2, 8, '2026-04-26', '09:00:00', '18:00:00', 'usada'),
(3, 8, '2026-04-26', '09:00:00', '18:00:00', 'usada'),
(4, 8, '2026-04-26', '09:00:00', '18:00:00', 'pendiente'),
(5, 8, '2026-04-26', '09:00:00', '18:00:00', 'usada'),
(6, 8, '2026-04-26', '09:00:00', '18:00:00', 'usada'),
(7, 8, '2026-04-26', '09:00:00', '18:00:00', 'pendiente'),
(8, 8, '2026-04-26', '09:00:00', '18:00:00', 'pendiente'),
(9, 8, '2026-04-26', '09:00:00', '18:00:00', 'usada'),
(10, 8, '2026-04-26', '09:00:00', '18:00:00', 'usada'),
(11, 8, '2026-04-26', '09:00:00', '18:00:00', 'pendiente'),
(12, 8, '2026-04-26', '09:00:00', '18:00:00', 'usada'),
(13, 8, '2026-04-26', '09:00:00', '18:00:00', 'usada'),
(14, 8, '2026-04-26', '09:00:00', '18:00:00', 'usada'),
(15, 8, '2026-04-26', '09:00:00', '18:00:00', 'pendiente'),
(16, 8, '2026-04-26', '09:00:00', '18:00:00', 'pendiente'),
(17, 8, '2026-04-26', '09:00:00', '18:00:00', 'usada'),
(18, 8, '2026-04-26', '09:00:00', '18:00:00', 'usada'),
(19, 8, '2026-04-26', '09:00:00', '18:00:00', 'usada'),
(20, 8, '2026-04-26', '09:00:00', '18:00:00', 'usada'),
(21, 8, '2026-04-26', '09:00:00', '18:00:00', 'usada'),
(22, 8, '2026-04-26', '09:00:00', '18:00:00', 'pendiente'),
(23, 8, '2026-04-26', '09:00:00', '18:00:00', 'usada'),
(24, 8, '2026-04-26', '09:00:00', '18:00:00', 'usada'),
(25, 8, '2026-04-26', '09:00:00', '18:00:00', 'usada'),
(26, 8, '2026-04-26', '09:00:00', '18:00:00', 'pendiente'),
(27, 8, '2026-04-26', '09:00:00', '18:00:00', 'usada'),
(28, 8, '2026-04-26', '09:00:00', '18:00:00', 'pendiente'),
(29, 8, '2026-04-26', '09:00:00', '18:00:00', 'usada'),
(30, 8, '2026-04-26', '09:00:00', '18:00:00', 'usada'),
(31, 8, '2026-04-26', '09:00:00', '18:00:00', 'usada'),
(32, 8, '2026-04-26', '09:00:00', '18:00:00', 'pendiente'),
(33, 8, '2026-04-26', '09:00:00', '18:00:00', 'usada'),
(34, 8, '2026-04-26', '09:00:00', '18:00:00', 'pendiente'),
(35, 8, '2026-04-26', '09:00:00', '18:00:00', 'pendiente'),
(36, 8, '2026-04-26', '09:00:00', '18:00:00', 'usada'),
(37, 8, '2026-04-26', '09:00:00', '18:00:00', 'usada'),
(38, 8, '2026-04-26', '09:00:00', '18:00:00', 'pendiente'),
(39, 8, '2026-04-26', '09:00:00', '18:00:00', 'usada'),
(40, 8, '2026-04-26', '09:00:00', '18:00:00', 'usada'),
(41, 8, '2026-04-26', '09:00:00', '18:00:00', 'pendiente'),
(42, 8, '2026-04-26', '09:00:00', '18:00:00', 'pendiente'),
(43, 8, '2026-04-26', '09:00:00', '18:00:00', 'pendiente'),
(44, 8, '2026-04-26', '09:00:00', '18:00:00', 'usada'),
(45, 8, '2026-04-26', '09:00:00', '18:00:00', 'pendiente'),
(46, 8, '2026-04-26', '09:00:00', '18:00:00', 'pendiente'),
(47, 8, '2026-04-26', '09:00:00', '18:00:00', 'usada'),
(48, 8, '2026-04-26', '09:00:00', '18:00:00', 'usada'),
(49, 8, '2026-04-26', '09:00:00', '18:00:00', 'pendiente'),
(50, 8, '2026-04-26', '09:00:00', '18:00:00', 'usada'),
(51, 8, '2026-04-26', '09:00:00', '18:00:00', 'pendiente'),
(52, 8, '2026-04-26', '09:00:00', '18:00:00', 'usada'),
(53, 8, '2026-04-26', '09:00:00', '18:00:00', 'pendiente'),
(54, 8, '2026-04-26', '09:00:00', '18:00:00', 'pendiente'),
(55, 8, '2026-04-26', '09:00:00', '18:00:00', 'pendiente'),
(56, 8, '2026-04-26', '09:00:00', '18:00:00', 'pendiente'),
(57, 8, '2026-04-26', '09:00:00', '18:00:00', 'pendiente'),
(58, 8, '2026-04-26', '09:00:00', '18:00:00', 'usada'),
(59, 8, '2026-04-26', '09:00:00', '18:00:00', 'pendiente'),
(60, 8, '2026-04-26', '09:00:00', '18:00:00', 'pendiente'),
(61, 8, '2026-04-26', '09:00:00', '18:00:00', 'usada'),
(62, 8, '2026-04-26', '09:00:00', '18:00:00', 'usada'),
(63, 8, '2026-04-26', '09:00:00', '18:00:00', 'usada'),
(64, 8, '2026-04-26', '09:00:00', '18:00:00', 'pendiente'),
(65, 8, '2026-04-26', '09:00:00', '18:00:00', 'usada'),
(66, 8, '2026-04-26', '09:00:00', '18:00:00', 'pendiente'),
(67, 8, '2026-04-26', '09:00:00', '18:00:00', 'pendiente'),
(68, 8, '2026-04-26', '09:00:00', '18:00:00', 'pendiente'),
(69, 8, '2026-04-26', '09:00:00', '18:00:00', 'usada'),
(70, 8, '2026-04-26', '09:00:00', '18:00:00', 'usada'),
(71, 8, '2026-04-26', '09:00:00', '18:00:00', 'usada'),
(72, 8, '2026-04-26', '09:00:00', '18:00:00', 'pendiente'),
(73, 8, '2026-04-26', '09:00:00', '18:00:00', 'usada'),
(74, 8, '2026-04-26', '09:00:00', '18:00:00', 'pendiente'),
(75, 8, '2026-04-26', '09:00:00', '18:00:00', 'pendiente'),
(76, 8, '2026-04-26', '09:00:00', '18:00:00', 'usada'),
(77, 8, '2026-04-26', '09:00:00', '18:00:00', 'pendiente'),
(78, 8, '2026-04-26', '09:00:00', '18:00:00', 'pendiente'),
(79, 8, '2026-04-26', '09:00:00', '18:00:00', 'pendiente'),
(80, 8, '2026-04-26', '09:00:00', '18:00:00', 'pendiente'),
(81, 8, '2026-04-26', '09:00:00', '18:00:00', 'usada'),
(82, 8, '2026-04-26', '09:00:00', '18:00:00', 'usada'),
(83, 8, '2026-04-26', '09:00:00', '18:00:00', 'pendiente'),
(84, 8, '2026-04-26', '09:00:00', '18:00:00', 'usada'),
(85, 8, '2026-04-26', '09:00:00', '18:00:00', 'usada'),
(86, 8, '2026-04-26', '09:00:00', '18:00:00', 'pendiente'),
(87, 8, '2026-04-26', '09:00:00', '18:00:00', 'pendiente'),
(88, 8, '2026-04-26', '09:00:00', '18:00:00', 'pendiente'),
(89, 8, '2026-04-26', '09:00:00', '18:00:00', 'pendiente'),
(90, 8, '2026-04-26', '09:00:00', '18:00:00', 'pendiente'),
(91, 8, '2026-04-26', '09:00:00', '18:00:00', 'pendiente'),
(92, 8, '2026-04-26', '09:00:00', '18:00:00', 'pendiente'),
(93, 8, '2026-04-26', '09:00:00', '18:00:00', 'usada'),
(94, 8, '2026-04-26', '09:00:00', '18:00:00', 'pendiente'),
(95, 8, '2026-04-26', '09:00:00', '18:00:00', 'pendiente'),
(96, 8, '2026-04-26', '09:00:00', '18:00:00', 'pendiente'),
(97, 8, '2026-04-26', '09:00:00', '18:00:00', 'usada'),
(98, 8, '2026-04-26', '09:00:00', '18:00:00', 'usada'),
(99, 8, '2026-04-26', '09:00:00', '18:00:00', 'usada'),
(100, 8, '2026-04-26', '09:00:00', '18:00:00', 'usada');
INSERT INTO inscripcion (id_inscripcion, id_alumno, id_grupo, estatus) VALUES
(1, 2, 2, 'activa'),
(2, 2, 108, 'activa'),
(3, 2, 109, 'activa'),
(4, 2, 123, 'activa'),
(5, 2, 126, 'activa'),
(6, 2, 151, 'activa'),
(7, 3, 15, 'activa'),
(8, 3, 20, 'activa'),
(9, 3, 24, 'activa'),
(10, 3, 30, 'activa'),
(11, 5, 12, 'activa'),
(12, 5, 35, 'activa'),
(13, 5, 40, 'activa'),
(14, 6, 15, 'activa'),
(15, 6, 20, 'activa'),
(16, 6, 24, 'activa'),
(17, 6, 29, 'activa'),
(18, 9, 1, 'activa'),
(19, 9, 108, 'activa'),
(20, 9, 110, 'activa'),
(21, 9, 123, 'activa'),
(22, 9, 126, 'activa'),
(23, 9, 152, 'activa'),
(24, 10, 16, 'activa'),
(25, 10, 19, 'activa'),
(26, 10, 24, 'activa'),
(27, 10, 29, 'activa'),
(28, 12, 12, 'activa'),
(29, 12, 35, 'activa'),
(30, 12, 39, 'activa'),
(31, 13, 4, 'activa'),
(32, 13, 6, 'activa'),
(33, 13, 106, 'activa'),
(34, 13, 114, 'activa'),
(35, 13, 122, 'activa'),
(36, 14, 12, 'activa'),
(37, 14, 35, 'activa'),
(38, 14, 39, 'activa'),
(39, 17, 8, 'activa'),
(40, 17, 111, 'activa'),
(41, 17, 118, 'activa'),
(42, 18, 16, 'activa'),
(43, 18, 19, 'activa'),
(44, 18, 23, 'activa'),
(45, 18, 30, 'activa'),
(46, 19, 25, 'activa'),
(47, 19, 28, 'activa'),
(48, 19, 173, 'activa'),
(49, 19, 64, 'activa'),
(50, 19, 65, 'activa'),
(51, 19, 67, 'activa'),
(52, 19, 69, 'activa'),
(53, 19, 71, 'activa'),
(54, 19, 73, 'activa'),
(55, 19, 95, 'activa'),
(56, 19, 97, 'activa'),
(57, 19, 99, 'activa'),
(58, 20, 12, 'activa'),
(59, 20, 35, 'activa'),
(60, 20, 39, 'activa'),
(61, 21, 9, 'activa'),
(62, 21, 120, 'activa'),
(63, 23, 16, 'activa'),
(64, 23, 20, 'activa'),
(65, 23, 23, 'activa'),
(66, 23, 29, 'activa'),
(67, 24, 11, 'activa'),
(68, 24, 36, 'activa'),
(69, 24, 40, 'activa'),
(70, 25, 14, 'activa'),
(71, 25, 38, 'activa'),
(72, 25, 153, 'activa'),
(73, 25, 61, 'activa'),
(74, 27, 10, 'activa'),
(75, 27, 119, 'activa'),
(76, 29, 26, 'activa'),
(77, 29, 27, 'activa'),
(78, 29, 174, 'activa'),
(79, 29, 64, 'activa'),
(80, 29, 66, 'activa'),
(81, 29, 67, 'activa'),
(82, 29, 70, 'activa'),
(83, 29, 72, 'activa'),
(84, 29, 73, 'activa'),
(85, 29, 95, 'activa'),
(86, 29, 97, 'activa'),
(87, 29, 100, 'activa'),
(88, 30, 2, 'activa'),
(89, 30, 108, 'activa'),
(90, 30, 110, 'activa'),
(91, 30, 123, 'activa'),
(92, 30, 126, 'activa'),
(93, 30, 151, 'activa'),
(94, 31, 25, 'activa'),
(95, 31, 27, 'activa'),
(96, 31, 174, 'activa'),
(97, 31, 63, 'activa'),
(98, 31, 65, 'activa'),
(99, 31, 67, 'activa'),
(100, 31, 70, 'activa'),
(101, 31, 72, 'activa'),
(102, 31, 73, 'activa'),
(103, 31, 96, 'activa'),
(104, 31, 98, 'activa'),
(105, 31, 100, 'activa'),
(106, 33, 16, 'activa'),
(107, 33, 20, 'activa'),
(108, 33, 23, 'activa'),
(109, 33, 29, 'activa'),
(110, 36, 1, 'activa'),
(111, 36, 108, 'activa'),
(112, 36, 110, 'activa'),
(113, 36, 124, 'activa'),
(114, 36, 125, 'activa'),
(115, 36, 152, 'activa'),
(116, 37, 7, 'activa'),
(117, 37, 111, 'activa'),
(118, 37, 117, 'activa'),
(119, 39, 7, 'activa'),
(120, 39, 112, 'activa'),
(121, 39, 117, 'activa'),
(122, 40, 12, 'activa'),
(123, 40, 36, 'activa'),
(124, 40, 40, 'activa'),
(125, 44, 7, 'activa'),
(126, 44, 112, 'activa'),
(127, 44, 117, 'activa'),
(128, 47, 7, 'activa'),
(129, 47, 111, 'activa'),
(130, 47, 118, 'activa'),
(131, 48, 15, 'activa'),
(132, 48, 19, 'activa'),
(133, 48, 24, 'activa'),
(134, 48, 29, 'activa'),
(135, 50, 26, 'activa'),
(136, 50, 28, 'activa'),
(137, 50, 173, 'activa'),
(138, 50, 63, 'activa'),
(139, 50, 65, 'activa'),
(140, 50, 67, 'activa'),
(141, 50, 70, 'activa'),
(142, 50, 71, 'activa'),
(143, 50, 73, 'activa'),
(144, 50, 95, 'activa'),
(145, 50, 98, 'activa'),
(146, 50, 100, 'activa'),
(147, 52, 25, 'activa'),
(148, 52, 27, 'activa'),
(149, 52, 174, 'activa'),
(150, 52, 64, 'activa'),
(151, 52, 65, 'activa'),
(152, 52, 68, 'activa'),
(153, 52, 70, 'activa'),
(154, 52, 72, 'activa'),
(155, 52, 74, 'activa'),
(156, 52, 95, 'activa'),
(157, 52, 98, 'activa'),
(158, 52, 100, 'activa'),
(159, 58, 12, 'activa'),
(160, 58, 36, 'activa'),
(161, 58, 39, 'activa'),
(162, 61, 7, 'activa'),
(163, 61, 112, 'activa'),
(164, 61, 117, 'activa'),
(165, 62, 25, 'activa'),
(166, 62, 28, 'activa'),
(167, 62, 174, 'activa'),
(168, 62, 63, 'activa'),
(169, 62, 66, 'activa'),
(170, 62, 67, 'activa'),
(171, 62, 69, 'activa'),
(172, 62, 72, 'activa'),
(173, 62, 74, 'activa'),
(174, 62, 95, 'activa'),
(175, 62, 97, 'activa'),
(176, 62, 100, 'activa'),
(177, 63, 2, 'activa'),
(178, 63, 107, 'activa'),
(179, 63, 110, 'activa'),
(180, 63, 124, 'activa'),
(181, 63, 125, 'activa'),
(182, 63, 152, 'activa'),
(183, 65, 16, 'activa'),
(184, 65, 19, 'activa'),
(185, 65, 24, 'activa'),
(186, 65, 30, 'activa'),
(187, 69, 9, 'activa'),
(188, 69, 119, 'activa'),
(189, 70, 1, 'activa'),
(190, 70, 108, 'activa'),
(191, 70, 110, 'activa'),
(192, 70, 124, 'activa'),
(193, 70, 125, 'activa'),
(194, 70, 151, 'activa'),
(195, 71, 16, 'activa'),
(196, 71, 20, 'activa'),
(197, 71, 23, 'activa'),
(198, 71, 30, 'activa'),
(199, 73, 2, 'activa'),
(200, 73, 107, 'activa'),
(201, 73, 110, 'activa'),
(202, 73, 123, 'activa'),
(203, 73, 125, 'activa'),
(204, 73, 151, 'activa'),
(205, 76, 3, 'activa'),
(206, 76, 5, 'activa'),
(207, 76, 106, 'activa'),
(208, 76, 114, 'activa'),
(209, 76, 122, 'activa'),
(210, 81, 16, 'activa'),
(211, 81, 19, 'activa'),
(212, 81, 24, 'activa'),
(213, 81, 30, 'activa'),
(214, 82, 15, 'activa'),
(215, 82, 20, 'activa'),
(216, 82, 23, 'activa'),
(217, 82, 29, 'activa'),
(218, 84, 12, 'activa'),
(219, 84, 36, 'activa'),
(220, 84, 40, 'activa'),
(221, 85, 25, 'activa'),
(222, 85, 27, 'activa'),
(223, 85, 174, 'activa'),
(224, 85, 63, 'activa'),
(225, 85, 65, 'activa'),
(226, 85, 68, 'activa'),
(227, 85, 70, 'activa'),
(228, 85, 71, 'activa'),
(229, 85, 73, 'activa'),
(230, 85, 96, 'activa'),
(231, 85, 98, 'activa'),
(232, 85, 99, 'activa'),
(233, 93, 3, 'activa'),
(234, 93, 5, 'activa'),
(235, 93, 105, 'activa'),
(236, 93, 113, 'activa'),
(237, 93, 122, 'activa'),
(238, 97, 1, 'activa'),
(239, 97, 108, 'activa'),
(240, 97, 109, 'activa'),
(241, 97, 123, 'activa'),
(242, 97, 126, 'activa'),
(243, 97, 152, 'activa'),
(244, 98, 4, 'activa'),
(245, 98, 5, 'activa'),
(246, 98, 105, 'activa'),
(247, 98, 113, 'activa'),
(248, 98, 122, 'activa'),
(249, 99, 2, 'activa'),
(250, 99, 108, 'activa'),
(251, 99, 110, 'activa'),
(252, 99, 123, 'activa'),
(253, 99, 125, 'activa'),
(254, 99, 152, 'activa'),
(255, 100, 25, 'activa'),
(256, 100, 28, 'activa'),
(257, 100, 173, 'activa'),
(258, 100, 63, 'activa'),
(259, 100, 66, 'activa'),
(260, 100, 67, 'activa'),
(261, 100, 69, 'activa'),
(262, 100, 72, 'activa'),
(263, 100, 74, 'activa'),
(264, 100, 96, 'activa'),
(265, 100, 98, 'activa'),
(266, 100, 99, 'activa');
UPDATE grupo SET cupo_actual = 4 WHERE id_grupo = 1;
UPDATE grupo SET cupo_actual = 5 WHERE id_grupo = 2;
UPDATE grupo SET cupo_actual = 2 WHERE id_grupo = 107;
UPDATE grupo SET cupo_actual = 7 WHERE id_grupo = 108;
UPDATE grupo SET cupo_actual = 2 WHERE id_grupo = 109;
UPDATE grupo SET cupo_actual = 7 WHERE id_grupo = 110;
UPDATE grupo SET cupo_actual = 6 WHERE id_grupo = 123;
UPDATE grupo SET cupo_actual = 3 WHERE id_grupo = 124;
UPDATE grupo SET cupo_actual = 5 WHERE id_grupo = 125;
UPDATE grupo SET cupo_actual = 4 WHERE id_grupo = 126;
UPDATE grupo SET cupo_actual = 4 WHERE id_grupo = 151;
UPDATE grupo SET cupo_actual = 5 WHERE id_grupo = 152;
UPDATE grupo SET cupo_actual = 4 WHERE id_grupo = 15;
UPDATE grupo SET cupo_actual = 7 WHERE id_grupo = 16;
UPDATE grupo SET cupo_actual = 5 WHERE id_grupo = 19;
UPDATE grupo SET cupo_actual = 6 WHERE id_grupo = 20;
UPDATE grupo SET cupo_actual = 5 WHERE id_grupo = 23;
UPDATE grupo SET cupo_actual = 6 WHERE id_grupo = 24;
UPDATE grupo SET cupo_actual = 6 WHERE id_grupo = 29;
UPDATE grupo SET cupo_actual = 5 WHERE id_grupo = 30;
UPDATE grupo SET cupo_actual = 1 WHERE id_grupo = 11;
UPDATE grupo SET cupo_actual = 7 WHERE id_grupo = 12;
UPDATE grupo SET cupo_actual = 4 WHERE id_grupo = 35;
UPDATE grupo SET cupo_actual = 4 WHERE id_grupo = 36;
UPDATE grupo SET cupo_actual = 4 WHERE id_grupo = 39;
UPDATE grupo SET cupo_actual = 4 WHERE id_grupo = 40;
UPDATE grupo SET cupo_actual = 2 WHERE id_grupo = 3;
UPDATE grupo SET cupo_actual = 2 WHERE id_grupo = 4;
UPDATE grupo SET cupo_actual = 3 WHERE id_grupo = 5;
UPDATE grupo SET cupo_actual = 1 WHERE id_grupo = 6;
UPDATE grupo SET cupo_actual = 2 WHERE id_grupo = 105;
UPDATE grupo SET cupo_actual = 2 WHERE id_grupo = 106;
UPDATE grupo SET cupo_actual = 2 WHERE id_grupo = 113;
UPDATE grupo SET cupo_actual = 2 WHERE id_grupo = 114;
UPDATE grupo SET cupo_actual = 0 WHERE id_grupo = 121;
UPDATE grupo SET cupo_actual = 4 WHERE id_grupo = 122;
UPDATE grupo SET cupo_actual = 5 WHERE id_grupo = 7;
UPDATE grupo SET cupo_actual = 1 WHERE id_grupo = 8;
UPDATE grupo SET cupo_actual = 3 WHERE id_grupo = 111;
UPDATE grupo SET cupo_actual = 3 WHERE id_grupo = 112;
UPDATE grupo SET cupo_actual = 4 WHERE id_grupo = 117;
UPDATE grupo SET cupo_actual = 2 WHERE id_grupo = 118;
UPDATE grupo SET cupo_actual = 6 WHERE id_grupo = 25;
UPDATE grupo SET cupo_actual = 2 WHERE id_grupo = 26;
UPDATE grupo SET cupo_actual = 4 WHERE id_grupo = 27;
UPDATE grupo SET cupo_actual = 4 WHERE id_grupo = 28;
UPDATE grupo SET cupo_actual = 3 WHERE id_grupo = 173;
UPDATE grupo SET cupo_actual = 5 WHERE id_grupo = 174;
UPDATE grupo SET cupo_actual = 5 WHERE id_grupo = 63;
UPDATE grupo SET cupo_actual = 3 WHERE id_grupo = 64;
UPDATE grupo SET cupo_actual = 5 WHERE id_grupo = 65;
UPDATE grupo SET cupo_actual = 3 WHERE id_grupo = 66;
UPDATE grupo SET cupo_actual = 6 WHERE id_grupo = 67;
UPDATE grupo SET cupo_actual = 2 WHERE id_grupo = 68;
UPDATE grupo SET cupo_actual = 3 WHERE id_grupo = 69;
UPDATE grupo SET cupo_actual = 5 WHERE id_grupo = 70;
UPDATE grupo SET cupo_actual = 3 WHERE id_grupo = 71;
UPDATE grupo SET cupo_actual = 5 WHERE id_grupo = 72;
UPDATE grupo SET cupo_actual = 5 WHERE id_grupo = 73;
UPDATE grupo SET cupo_actual = 3 WHERE id_grupo = 74;
UPDATE grupo SET cupo_actual = 5 WHERE id_grupo = 95;
UPDATE grupo SET cupo_actual = 3 WHERE id_grupo = 96;
UPDATE grupo SET cupo_actual = 3 WHERE id_grupo = 97;
UPDATE grupo SET cupo_actual = 5 WHERE id_grupo = 98;
UPDATE grupo SET cupo_actual = 3 WHERE id_grupo = 99;
UPDATE grupo SET cupo_actual = 5 WHERE id_grupo = 100;
UPDATE grupo SET cupo_actual = 2 WHERE id_grupo = 9;
UPDATE grupo SET cupo_actual = 1 WHERE id_grupo = 10;
UPDATE grupo SET cupo_actual = 2 WHERE id_grupo = 119;
UPDATE grupo SET cupo_actual = 1 WHERE id_grupo = 120;
UPDATE grupo SET cupo_actual = 0 WHERE id_grupo = 13;
UPDATE grupo SET cupo_actual = 1 WHERE id_grupo = 14;
UPDATE grupo SET cupo_actual = 0 WHERE id_grupo = 37;
UPDATE grupo SET cupo_actual = 1 WHERE id_grupo = 38;
UPDATE grupo SET cupo_actual = 1 WHERE id_grupo = 153;
UPDATE grupo SET cupo_actual = 0 WHERE id_grupo = 154;
UPDATE grupo SET cupo_actual = 1 WHERE id_grupo = 61;
UPDATE grupo SET cupo_actual = 0 WHERE id_grupo = 62;
-- END OF FILE